partner;marriage;farewell;divorce;separation;education;work
;18;;;18;;17
;23;;;23;17;17
;29;;;20;24;20
;;26;;18;18;26
;23;;;24;23;23
;28;;;17;22;23
;29;;;18;17;18
24;31;32;32;17;30;18
;23;;;23;19;19
;22;;;23;20;20
;26;;;38;21;21
;22;;;20;18;18
;20;;;24;18;19
;;;;24;;18
;17;;;17;;18
;;;;22;25;20
;;;;15;;15
22;23;;;18;22;18
;21;;;21;18;20
;21;;;24;20;20
;20;;54;35;16;18
;21;;;21;21;22
;21;;;21;;17
;20;;;17;20;20
;21;;;21;;22
;21;;;18;17;18
;26;;;54;19;19
;21;;;17;22;23
;19;;;19;;18
;17;;;3;;15
;29;;;18;19;24
;26;;;26;20;17
;;;;19;18;18
28;29;;;29;20;18
;19;;;15;17;15
;31;;;18;32;16
;23;;28;18;23;27
;25;;;26;27;18
;21;;;21;;18
;21;;;18;24;21
;24;;;17;20;20
;25;;;26;18;18
;19;;;17;18;18
;23;;;39;20;20
;23;;;25;21;23
;19;;36;13;18;24
;19;;;17;19;18
;21;;;21;17;19
;20;;;17;19;19
;24;;;16;17;18
;18;;;18;45;18
;22;;;17;22;17
;19;;;15;18;18
;19;;;19;25;18
;27;;;27;28;19
27;28;;;53;18;18
;23;;;22;21;21
;19;;27;19;20;16
;23;;;25;18;18
;21;;;21;23;20
;23;;;23;25;18
;25;;;25;23;23
;19;;27;16;;16
;20;;;17;25;19
;20;;;20;19;23
;23;;;17;29;17
;22;;;30;18;20
;;;;18;18;20
;25;;;25;21;21
;18;;;18;18;18
;21;;;21;19;19
;23;;;20;23;16
24;25;;;18;37;37
;;;;17;19;19
;;;;15;17;25
;24;;;24;40;20
30;31;;;20;29;20
;22;;;17;22;22
;21;;;17;20;20
;20;;;17;21;23
;23;;;24;24;24
;18;;;18;;19
;26;;;26;;22
;20;;;20;24;29
;20;;;17;22;26
;17;;;34;23;23
;21;;;24;18;21
;19;;;19;;16
;19;;20;19;;19
21;21;;;21;18;20
31;31;32;33;31;20;20
;19;;35;18;19;19
;;;;19;;17
;;22;;21;;18
;20;;;17;18;17
18;18;;;17;18;18
23;24;34;;25;21;15
;20;;23;20;;16
;;;;20;;20
24;51;26;;43;19;17
;21;;43;27;25;18
;24;;;22;37;25
;18;;26;20;18;18
;24;;;24;20;22
;;;;29;21;23
;20;;;16;19;21
;21;;;21;19;19
;;;;23;;21
;21;;;21;;16
;;;;24;;17
23;27;;;25;24;20
;24;;;25;;20
;;32;;16;;5
;24;;;23;17;20
;19;;;19;;15
;21;;;21;;17
20;22;74;;20;;20
;25;;;21;;17
;24;;;32;18;20
;23;;;34;21;34
;19;;;22;;17
;25;;;18;26;24
;;;;20;;10
;20;;;15;17;21
;25;;;25;;18
;29;;;35;19;21
;17;;;17;;17
;21;;;21;19;21
24;25;47;;26;26;28
;19;;;17;20;33
;21;;;21;;19
34;35;;;19;18;18
;22;;;23;20;15
;24;;30;22;17;17
;23;;;23;;17
;23;;;31;;20
;;44;;18;39;21
;;;;22;;15
;21;;;18;20;18
;;;;17;26;26
;20;;;19;19;19
;21;;23;21;;17
;21;;41;17;19;19
;18;;;23;18;18
;26;;;16;15;15
;28;;;38;20;20
;20;;;21;20;20
;23;;;32;18;21
;15;;;16;;19
;21;;;22;43;21
;22;;;17;22;23
;;;;32;26;20
;;;;31;21;21
;23;;;18;22;22
;30;;;30;17;20
;23;;24;17;39;17
;23;;;24;22;28
;27;;;27;25;25
;;39;;43;32;32
;28;;;28;22;22
;20;;;21;20;20
;20;;;15;20;35
;25;;;25;19;19
;24;;25;32;20;21
;22;;;23;18;20
;30;;;33;22;22
;;;;23;;18
;19;;;19;21;21
;19;;;23;18;18
;19;;;21;19;19
;22;;;24;17;17
;;33;;30;25;25
;27;;28;31;;18
;23;;;23;;14
;;;;24;;17
;;;;18;;17
;18;;19;15;19;17
;20;;;17;21;20
;21;;;17;20;20
;24;;;38;19;22
19;20;;;15;19;19
;;;;15;19;22
;20;;;18;21;21
;22;;;17;22;22
;20;;;18;18;18
;23;;;17;21;21
21;22;;;15;17;17
;26;;;15;17;13
;23;;;24;19;21
;21;;;21;20;20
;19;;22;17;18;23
;18;;;16;33;33
;20;;;21;;18
;21;;;23;19;19
;20;;23;21;17;17
;24;;24;23;23;23
;19;;;19;19;19
17;19;70;;17;30;16
;19;;;19;30;17
20;20;;;20;19;18
;17;;;23;17;17
19;20;39;;20;;15
;22;;22;30;32;19
;19;;;39;27;18
;25;;;55;40;18
;23;;;23;23;18
;23;;;23;21;21
;23;;;23;24;23
17;19;;;17;23;22
20;20;45;;24;20;23
;29;;;20;26;25
;;;;21;34;21
;29;;;32;22;24
;25;;;17;22;17
;19;;25;19;19;19
;26;;;26;19;21
;24;;25;38;17;17
;24;;;20;20;18
;26;;;20;25;27
;17;;;17;22;20
21;21;38;;12;;19
20;20;;;4;18;21
;;;;35;24;24
23;23;43;45;18;23;23
;24;;;;22;20
24;25;51;;25;29;17
;19;;;15;;16
;22;;;22;19;20
;;;;24;24;24
;21;;;34;16;18
37;42;;;37;19;18
;19;;;19;;16
;21;;30;21;24;19
;22;;;54;18;22
;30;;;33;26;15
21;30;28;35;22;19;16
;;26;;18;19;19
31;18;;;20;27;18
;22;;;16;20;19
;;;;26;19;19
;23;;;28;19;22
;19;;30;19;44;24
22;22;27;27;21;30;17
;21;;;21;21;19
23;23;27;30;31;;18
20;21;;;39;16;17
;;;;18;19;19
;26;;28;31;22;22
;21;;;17;22;22
23;26;;;23;18;18
;25;;;19;19;19
18;23;18;34;18;17;17
;;27;;;22;22
;24;;;17;21;22
;20;;;21;39;18
;;;;;24;18
22;22;;;23;24;24
;20;;;19;17;18
22;23;;;;18;18
;20;;;10;16;17
;21;;;21;20;22
;19;;;19;19;18
;20;;;;17;20
;22;;;17;21;21
;20;;;18;20;17
;25;;31;;24;24
;22;;;16;18;18
;25;;;19;19;19
;19;;27;19;27;26
;26;;;22;18;19
;20;;;20;20;20
;23;;;23;17;18
;24;;;18;;18
;21;;;23;20;18
;17;;;23;19;19
28;28;;;23;24;24
44;27;;;16;19;20
18;18;28;28;18;18;21
;;;;19;24;19
;21;;;38;36;17
;21;;33;21;28;21
29;33;;;15;24;24
;22;;;18;21;23
;28;;35;18;25;18
;;;;17;28;17
23;24;;;17;23;23
21;21;38;38;18;21;18
25;25;27;27;25;30;18
;25;;;25;24;17
;33;;;33;24;19
;28;;;17;21;22
;20;;21;17;19;19
27;29;31;31;26;18;21
;31;;;24;24;15
;21;;;19;;19
23;24;40;40;34;18;18
;18;;;25;18;18
;26;;;19;28;15
;27;;;20;22;19
;19;;;20;17;18
;25;;;24;22;22
;;;;23;17;17
;;;;7;22;22
;22;;;22;17;18
;19;;;21;17;18
26;27;;;24;18;18
;21;;;17;22;22
;23;;63;53;22;22
;22;;24;18;22;22
;;23;;26;25;17
;22;;;17;19;21
18;18;;;18;23;23
;25;;;25;18;18
;20;;;32;22;19
;23;;;15;29;19
;26;;;17;17;18
;20;;41;20;;17
17;18;24;;24;21;21
;;;;18;21;24
;16;;18;16;46;18
;21;;32;21;32;57
;20;;;26;41;19
;27;;;16;16;16
;22;;;23;24;18
;;;;;18;20
;18;;;22;31;18
;22;;;22;28;21
;25;;38;47;29;20
;24;;42;29;31;27
;21;;;17;19;19
;19;;;24;19;19
;24;;;20;20;20
;23;;49;18;23;23
;25;;;28;21;32
;21;;;20;20;20
;25;;;20;24;24
20;20;30;30;20;24;17
;22;;;35;21;17
;21;;;21;18;20
;26;;;18;38;13
;21;;;37;22;22
;;;;5;19;18
;20;;;23;18;18
;25;;;17;21;17
;29;;36;18;26;17
;25;;;21;;17
;;;;19;;20
;19;;24;19;35;29
;18;;43;22;18;18
;26;;;25;39;22
23;24;32;32;;19;19
;25;;;16;19;19
;24;;30;17;21;22
15;16;19;19;17;18;21
;;53;;19;22;17
;29;;;30;21;23
;26;;;26;26;21
;19;;;18;24;18
;23;;37;23;18;18
;25;;;27;19;23
25;25;31;50;19;25;25
;26;;;27;38;37
;21;;41;19;23;23
51;22;;;14;17;17
;19;;34;22;24;22
;21;;25;57;17;19
;26;;;15;22;19
;20;;;17;24;24
;39;;;21;22;20
;22;;;22;24;23
;24;;;22;;17
;19;;22;17;21;25
31;39;36;;18;21;21
;;35;;26;20;17
;33;;43;26;18;18
;22;;;;22;21
20;20;;;31;29;19
;22;;;17;22;22
;;;;;21;23
;21;;;47;39;20
23;23;;;24;17;19
;22;;;22;20;19
;;;;24;22;18
;;;;;20;24
;22;;;23;20;22
27;28;36;36;23;22;22
;21;;;21;17;20
;19;;21;19;19;21
;20;;26;22;20;22
;19;;;17;20;17
18;19;21;21;20;25;18
;24;;;16;16;16
;;;;16;18;17
;18;;;;18;20
;23;;;15;25;17
;24;;;15;37;15
;22;;;12;18;18
;;;;18;27;21
;;57;;18;19;18
20;22;29;29;19;23;23
;22;;;21;25;18
;24;;;24;20;20
;22;;;20;;18
;22;;;26;19;21
22;22;41;;22;31;18
;24;;;29;25;26
;30;;;31;19;19
;23;;24;21;20;19
;;;;;18;20
;23;;;36;22;20
;;;;17;19;19
;19;;;15;17;19
;;;;19;18;18
;23;;;29;21;23
;;;;14;15;18
;23;;;14;15;16
;;;;24;23;19
;22;;;19;19;19
;18;;;14;20;16
22;22;;;15;29;17
;;;;18;;18
;25;;27;15;24;18
;19;;;25;18;18
;31;;46;19;19;19
23;24;;;23;24;19
;26;;;18;32;16
24;24;;;16;20;20
23;24;49;;19;35;22
;18;;20;20;25;26
;;23;;20;20;20
26;18;28;28;17;23;24
;18;;;18;19;20
;30;;;18;21;21
;21;;;15;24;20
;19;;;;18;18
;25;;;17;18;19
20;20;27;28;20;22;26
;;;;17;18;27
31;39;40;;17;19;19
;26;;;17;24;19
;20;;23;21;21;21
;20;;24;15;17;21
;;;;23;19;19
;24;;;24;23;23
21;22;46;41;28;16;18
;19;;;8;23;23
;23;;;18;19;22
;23;;;25;23;23
;;;;18;16;18
;20;;;20;19;19
;20;;;24;22;22
18;19;25;25;15;18;18
;20;;22;6;20;17
21;21;;;21;19;17
23;23;;;23;21;21
;20;;;17;23;25
;21;;;20;20;20
26;31;28;;21;22;22
;;;;37;21;17
;26;;32;19;24;24
;23;;;23;25;20
;22;;;9;27;16
;21;;44;42;28;28
;18;;23;31;17;18
;22;;33;18;;18
21;22;40;40;18;23;17
;19;;;16;28;18
;18;;25;35;16;16
;25;;28;22;22;22
;27;;;34;28;15
;25;;;20;29;20
;26;;;48;24;18
;19;;24;17;22;23
;;;;22;23;17
;20;;;20;23;23
;21;;;20;20;20
29;29;37;37;27;19;19
20;21;;;21;19;20
;20;;24;28;20;20
;;30;;20;18;31
24;24;35;35;25;19;19
;20;;;20;23;29
;23;;;23;20;16
;19;;;19;19;19
31;35;43;43;18;32;20
;;;;;20;16
;;26;;20;20;20
;21;;;21;24;31
;24;;;15;18;18
17;21;25;25;16;19;19
;34;;;26;15;15
;28;;;41;21;21
;26;;45;23;;19
;20;;42;18;18;18
26;39;;;16;19;19
;;25;;13;18;18
;22;;;18;21;19
;;;;19;18;18
17;20;;;20;37;19
22;23;;;19;18;18
23;23;;;23;37;16
;22;;;23;18;18
;25;;;17;24;24
;28;;31;30;21;21
;;;;15;17;14
;25;;29;15;28;29
;;40;;17;21;21
21;22;43;;21;;15
;21;;;25;20;20
30;30;;;24;19;19
;;;;29;25;19
;23;;29;21;21;22
;21;;;17;19;19
;23;;;23;19;17
;21;;;21;36;19
;18;;49;14;19;19
;;;;15;;19
;23;;;18;19;21
;20;;26;17;18;17
27;27;;;27;18;20
;;;;;18;22
;22;;;18;20;20
;21;;;19;29;18
;;;;;19;19
;19;;;16;19;19
;22;;;15;18;18
;21;;;21;17;18
;;;;19;19;20
;19;;21;19;17;17
;21;;;18;22;20
;23;;;16;18;20
;21;;;19;19;19
23;24;;;18;22;20
;;;;15;15;20
;23;;;22;20;18
;20;;;20;19;29
;23;;;20;18;18
25;27;26;;17;17;20
;19;;;18;19;19
;;;;16;18;27
;;;;17;18;18
;;20;;18;19;21
;24;;;16;17;17
;20;;;22;18;18
;22;;;15;17;17
20;22;;;21;34;18
;19;;22;16;25;19
23;24;;;18;18;20
;18;;19;18;;16
;21;;;19;19;21
;28;;;28;19;19
;19;;;18;19;22
;21;;;15;18;18
;21;;;21;20;22
;27;;;19;17;
;19;;;19;18;19
18;18;25;31;19;19;19
;16;;21;17;18;16
;24;;51;23;;13
;18;;25;17;;17
18;20;73;;18;;16
;;58;;21;;19
;;;;18;18;17
;22;;;19;18;17
;22;;;22;21;21
;18;;36;18;;17
22;29;24;;17;17;17
;23;;;27;18;15
16;16;;;17;;16
;19;;33;19;17;21
;22;;;19;21;18
;19;;37;21;18;18
;24;;;24;17;18
;23;;;23;18;18
;26;;;25;20;21
;22;;;18;20;21
;22;;;17;22;22
;19;;;38;17;20
;18;;;18;;20
19;19;;;18;19;22
;20;;;17;18;19
;22;;23;21;22;20
;21;;;18;22;20
;18;;;21;24;18
;18;;;18;18;32
;20;;;18;20;17
42;43;;;19;19;21
34;35;57;;34;20;19
;22;;;16;21;21
20;22;43;;20;;15
;23;;;18;20;20
;21;;;15;18;20
24;26;;;29;19;20
15;17;20;;19;19;18
;22;;26;17;20;18
18;18;24;32;15;19;17
;21;;;21;19;19
18;18;39;38;15;17;17
;24;;;25;26;20
17;18;35;;16;17;16
;30;;;17;21;21
24;24;24;25;21;19;19
20;22;21;;15;20;20
;20;;21;27;17;17
;20;;;17;19;19
26;29;;;9;23;22
;20;;;21;20;19
;21;;;15;18;17
;20;;;20;17;20
;22;;;22;21;20
;20;;;50;25;21
;19;;42;19;;17
21;23;;;17;20;21
21;21;;;18;18;17
;22;;23;22;39;26
;23;;;18;25;25
18;19;;;18;;18
;;;;23;18;18
19;19;;;23;27;20
;18;;;15;18;19
18;19;;;15;18;18
;21;;;21;18;18
;18;;;17;18;18
;;;;19;;15
22;22;44;;17;21;21
;21;;;21;18;18
;;;;19;18;19
21;22;;;21;21;21
;;;;17;18;20
26;27;29;36;15;18;18
17;24;20;;23;18;20
21;21;;;17;24;24
;23;;;15;18;18
;19;;;22;21;21
;;;;20;;16
;23;;;23;26;16
;20;;;15;18;18
;19;;;18;20;18
;21;;;31;21;21
;24;;;28;30;18
;20;;;18;18;18
;19;;24;21;22;22
;;;;28;23;24
;21;;;16;18;21
21;22;55;55;21;20;18
;22;;;22;25;18
;21;;;21;21;26
;19;;;17;19;19
27;28;;;31;22;22
;25;;;25;19;17
;24;;;24;17;20
22;30;25;;23;24;17
;20;;;18;19;19
;;;;27;22;23
;21;;;17;25;19
;22;;;23;23;19
22;24;24;29;22;22;19
;36;;;19;21;17
;24;;32;15;29;17
23;26;;;18;19;22
;25;;;18;20;20
;23;;;23;27;17
;;;;17;19;20
;22;;40;17;29;17
19;19;20;;15;19;19
;20;;22;17;19;17
;22;;;17;18;20
27;28;41;41;18;23;17
;;;;16;31;18
;18;;;17;18;20
;21;;;22;22;22
28;28;;;28;19;17
;21;;26;20;29;29
;23;;;19;18;18
;18;;;18;18;18
;26;;;23;33;28
;20;;;17;22;22
;22;;;17;22;21
21;22;;;21;;17
20;21;;;17;22;17
;23;;;24;17;15
;;;;;18;25
;;;;25;19;19
;24;;;23;29;18
19;19;;;17;19;24
;18;;30;16;29;18
19;20;50;;21;19;19
25;27;;;27;24;17
20;21;;;19;21;22
;27;;;15;25;25
17;18;25;;17;18;19
17;17;;;15;19;21
;19;;24;27;29;29
;22;;;19;19;19
20;20;;;23;19;20
19;19;;;18;18;18
;23;;39;18;28;17
22;24;;;20;15;20
24;24;;;15;21;21
19;34;20;;19;19;16
19;21;;;17;18;20
;20;;;20;;15
;19;;;15;18;18
;19;;;17;45;17
;19;;;29;;16
19;24;;;14;21;22
;21;;;24;20;16
20;20;65;;19;20;18
;;;;19;19;17
20;43;;;20;;15
19;20;;;19;18;19
;19;;;19;22;11
;20;;25;19;;19
28;29;;;27;19;19
;23;;31;18;17;16
;19;;;18;18;20
18;21;20;;23;18;23
;20;;;17;19;19
18;19;40;32;17;18;18
19;23;;;15;26;24
17;24;19;;17;19;16
;22;;25;22;19;19
19;20;;;20;17;16
;29;;;40;22;18
;;;;49;19;19
17;18;;;17;16;16
;23;;;29;;21
;21;;;18;26;17
;19;;;22;22;35
;18;;22;25;;17
;24;;;19;24;17
;23;;23;18;21;21
24;25;;;24;18;18
21;22;29;;16;22;15
;;;;18;24;19
;24;;;18;17;20
;21;;61;19;17;17
17;18;19;19;18;20;20
;24;;;18;24;19
;24;;28;17;22;22
;20;;;21;21;21
;22;;;23;23;59
22;23;;;21;16;19
;19;;;19;22;17
28;28;;;19;23;18
;19;;;19;27;18
;22;;;22;;16
;;;;26;20;21
22;26;37;53;22;28;28
;22;;;17;18;18
;25;;;28;16;16
24;24;26;;28;18;22
;21;;;23;63;63
;19;;23;18;16;19
;22;;;23;23;21
;26;;;40;24;9
;;31;;18;37;33
;21;;28;20;20;18
20;24;;;11;19;19
;20;;27;28;30;18
;21;;29;21;30;15
;25;;35;16;20;13
27;27;;;19;27;27
;25;;39;18;21;25
;18;;;15;18;20
;20;;;19;20;23
;;;;14;;
20;21;;;16;20;17
20;20;;;20;20;20
;;28;;11;17;51
;19;;24;12;18;18
;18;;;18;18;17
;19;;;19;28;18
;17;;22;17;19;18
;25;;;25;29;30
19;19;;;15;19;19
;24;;;24;19;17
;19;;24;19;;18
;16;;18;16;;18
;25;;;25;28;25
;;;;22;19;28
;22;;;20;20;20
;17;;30;17;18;15
;24;;37;19;28;28
30;31;;;15;;30
;21;;30;17;;21
;20;;;15;;18
;;;;28;19;19
23;25;;;18;20;22
23;24;70;;19;29;19
;20;;;20;29;20
;24;;;23;15;15
;18;;33;18;18;19
;20;;;20;18;20
;20;;;17;17;20
;;;;19;40;19
21;23;;;17;20;17
20;21;36;;19;19;20
;;;;22;14;17
22;23;28;28;17;23;18
;22;;;26;34;17
20;26;;;20;20;17
18;19;48;;18;;16
18;20;;;21;;20
;;53;;20;19;18
20;20;;;16;19;18
;;;;;16;16
;20;;22;19;19;19
;28;;;19;18;15
;;;;20;19;19
;20;;;20;;17
21;30;25;;21;27;17
;22;;;22;18;19
21;21;21;21;21;;11
;18;;22;18;16;17
17;18;;;17;20;17
20;20;;;20;;38
;23;;;25;25;18
17;17;;;17;;
;;17;;21;17;
;;;;20;;
;19;;;21;18;16
;17;;;17;;33
18;21;;;18;18;16
20;21;26;26;16;20;20
;;;;21;21;21
;;;;27;17;18
;22;;22;29;;14
;22;;;22;16;18
;19;;;15;25;14
;;;;21;;19
23;23;56;;16;21;24
;30;;;17;20;22
;20;;;19;19;19
;21;;43;23;28;17
;40;;;20;20;19
;;20;;18;;18
;23;;;19;;25
;17;;22;23;19;17
;22;;;41;24;20
;20;;;20;35;17
;22;;25;22;21;17
;;26;;18;18;18
;;39;;26;16;17
19;19;26;26;15;16;17
;16;;21;18;23;18
;28;;43;47;29;18
;;;;17;23;17
19;20;31;31;5;29;16
;25;;;18;;19
;23;;;27;19;26
;24;;;41;23;24
26;29;76;;26;24;25
;26;;;26;20;20
;;;;37;31;34
37;38;42;42;66;17;18
;24;;;24;24;18
;29;;;29;23;24
;21;;;21;22;25
;23;;;23;;18
21;22;;;22;19;19
;20;;;16;18;17
18;18;22;22;18;16;18
;23;;34;19;;19
;;;;18;21;22
;17;;29;;35;19
;22;;;18;24;24
;31;;43;39;35;19
;18;;22;35;19;22
19;20;45;;17;36;18
;20;;;28;22;15
;21;;;22;23;15
;21;;;17;36;36
;18;;22;18;19;20
;23;;25;23;33;20
;18;;24;25;29;21
49;50;57;;19;;19
;24;;;22;18;19
26;35;;;19;19;20
;;;;47;21;19
20;26;59;;26;21;24
;;26;;21;29;14
36;45;;;26;33;17
17;18;31;30;18;16;17
;22;;25;17;23;16
;19;;33;;23;23
;25;;29;15;27;28
;24;;;24;21;21
;16;;37;16;16;16
;19;;;23;;16
21;21;;;21;19;20
;25;;;25;21;19
;24;;;24;23;24
;21;;;21;22;23
;34;;;19;19;19
;;;;53;25;25
;;;;15;;22
;;;;12;23;20
18;20;;;27;22;18
;21;;;21;19;19
;20;;;20;15;13
;24;;;;22;22
19;25;22;;20;21;23
;30;;;33;56;17
;;;;24;30;17
;23;;;18;24;17
;23;;;24;24;23
19;19;30;30;20;20;20
21;25;;;31;18;19
;26;;;21;21;18
;;49;;18;19;19
;20;;33;15;19;19
18;19;36;38;25;17;17
;28;;;31;33;16
;20;;22;20;22;22
;30;;;29;;20
;19;;;24;20;20
17;20;;;8;16;16
;22;;;22;26;17
18;20;25;26;18;18;18
;25;;;25;19;18
25;25;45;;22;22;17
24;24;40;;19;19;19
18;23;;;18;23;22
23;24;32;27;22;30;20
23;23;29;29;23;38;18
;19;;29;18;40;24
;26;;;19;19;22
;21;;;20;22;18
;24;;;16;15;15
21;34;24;;30;;11
;;;;20;20;19
;17;;35;21;;15
;23;;;24;;16
;23;;;23;;18
;;31;;18;25;25
;19;;25;19;28;20
23;28;;;17;22;22
;23;;;18;27;17
19;20;25;25;26;;18
;;;;17;28;19
17;19;26;28;47;28;17
;21;;;17;20;20
;27;;48;26;18;18
;19;;28;18;19;16
16;20;17;;16;;24
24;26;;;14;25;15
22;22;33;48;22;48;17
19;19;;;19;19;19
16;26;16;;15;;16
;20;;;27;20;20
;42;;;17;20;24
16;17;38;39;18;;16
;33;;;19;23;21
24;25;;;19;23;24
;24;;;24;18;18
;19;;25;20;18;15
17;26;18;;17;18;17
;21;;;16;24;15
;20;;;18;38;19
20;21;;;20;19;24
21;22;32;37;19;17;18
;19;;;19;19;18
;20;;;15;30;20
19;20;;;19;20;23
;22;;;22;31;20
21;22;;;20;19;20
18;19;54;;18;;33
;18;;;21;19;17
20;21;;;18;21;16
33;33;34;34;18;35;17
20;22;;;18;28;17
19;19;;;19;19;21
20;23;23;;17;22;22
19;20;;;15;19;19
;21;;36;9;33;16
19;20;26;;21;19;19
;22;;;22;38;18
;19;;;15;37;19
;27;;55;15;29;20
19;19;22;22;19;19;23
;20;;;17;20;20
;21;;;21;21;21
;20;;;20;25;21
30;31;35;41;19;19;19
;24;;;18;18;15
;18;;19;18;19;20
22;22;;;19;19;19
;28;;29;18;20;20
;;30;;18;18;15
18;20;30;;18;20;22
20;23;;;20;19;19
;28;;;21;27;27
;18;;40;26;21;17
18;20;;48;18;24;24
18;21;55;;21;;21
;21;;;20;20;20
20;20;;;20;20;21
26;26;27;27;25;14;14
19;20;;;15;19;19
19;20;;;19;18;19
25;27;;;25;;18
;19;;;19;;19
;23;;;23;29;20
24;24;;;22;22;22
19;20;;;15;18;18
18;22;31;31;18;22;15
;;;;26;23;23
16;26;21;;16;;15
19;21;;;17;17;19
;17;;;20;;19
;19;;;6;;16
;25;;;30;19;22
;25;;;17;37;23
;23;;;23;;17
;;;;19;19;19
;21;;;21;34;17
;16;;;16;;16
;21;;;20;20;20
;22;;;18;17;20
21;22;68;;20;19;19
24;29;;;25;40;15
20;20;;;20;19;19
;24;;45;24;;17
;18;;;18;18;19
;20;;;20;;16
16;18;19;19;19;19;19
18;19;30;;18;19;16
;17;;18;18;18;18
;26;;;25;18;18
28;32;48;48;28;18;21
17;17;;;17;;17
;18;;38;18;;18
18;21;18;33;21;;17
;21;;;17;20;17
;18;;24;18;19;18
20;21;;;16;;20
26;27;37;37;26;23;23
19;20;50;;19;;17
21;25;23;29;16;19;19
;;18;;15;16;17
;28;;;27;27;27
18;18;;;18;;17
;25;;;25;19;20
;22;;;24;23;18
;19;;;19;;14
21;22;65;;18;18;18
19;19;;;21;20;23
;;23;;22;19;18
;21;;;21;23;21
;19;;41;17;17;19
;18;;25;16;18;18
;21;;;31;;18
;21;;;31;17;21
;;28;;35;26;20
20;20;;;20;26;17
;22;;29;1;22;22
;22;;24;19;28;19
21;21;;;17;18;18
;22;;;15;26;14
;29;;;29;15;15
34;35;;;44;26;18
;22;;;31;18;13
31;32;36;36;32;19;19
;;;;22;20;21
;24;;;18;;16
;25;;;19;;14
;24;;;44;23;20
;22;;;27;19;25
;19;;;20;;18
;;;;16;;17
27;35;34;;18;23;23
;;;;20;;18
;;24;;18;18;16
19;19;41;44;27;18;19
21;21;;;18;22;20
22;24;38;42;27;27;21
20;23;;;13;18;15
;;;;22;21;21
;22;;;19;17;16
;23;;;19;21;19
;19;;33;18;18;18
;21;;;21;;18
;17;;21;17;16;19
19;19;;;19;18;19
;19;;23;19;18;19
;25;;;20;28;20
;19;;;18;18;18
;;;;24;21;21
;19;;;18;19;18
;27;;;27;25;19
29;36;;;15;17;16
;27;;35;34;18;18
17;23;18;;31;18;18
;;;;22;22;20
;23;;;17;22;22
;24;;;30;29;16
;27;;;27;26;18
;20;;;20;35;18
;17;;22;21;18;18
;22;;;37;;17
;;;;29;;17
23;26;;;20;18;20
25;29;;;25;;17
18;19;21;21;19;19;19
;17;;;19;;16
;;;;20;19;19
26;27;;;17;21;24
22;23;;;22;19;19
;29;;;19;30;17
;19;;31;23;19;19
;18;;;18;17;18
;21;;36;14;20;21
;18;;;18;18;20
;;;;31;20;18
;22;;37;15;20;17
;20;;;20;;17
18;21;19;;21;19;17
21;25;29;36;27;36;18
;;28;;26;18;18
;24;;;21;;17
31;36;;;23;18;18
;;;;;23;23
;19;;20;19;34;19
;19;;23;23;23;23
;21;;;21;22;22
;;;;;18;20
;24;;;27;;17
17;21;45;45;17;17;18
;24;;;17;23;23
;;;;19;19;19
;35;;;25;20;17
28;29;;;28;23;23
;24;;;19;18;19
;19;;;19;17;16
;29;;;29;25;17
;20;;;23;;17
;21;;;21;26;17
;23;;;19;19;19
20;21;;;18;36;19
;20;;21;15;17;17
;25;;;17;22;22
;25;;;29;19;19
17;18;;;17;17;17
23;23;;;22;18;18
22;23;;;27;20;16
23;29;39;;20;36;20
;18;;;15;17;17
;;;;;;20
;;38;;17;22;22
;;;;27;46;16
;19;;24;19;20;20
;21;;;25;19;18
;22;;;17;32;21
23;24;47;;22;31;18
;16;;;18;;16
;22;;;15;;18
16;17;;;18;;16
;21;;;21;21;17
;22;;;17;20;21
;;24;;17;19;19
24;24;25;25;19;24;24
23;23;;;22;26;21
37;37;;;3;18;18
;22;;;18;22;18
;;;;24;20;18
21;21;;;17;18;18
;22;;;16;36;22
;22;;;22;18;19
;19;;;19;17;23
;22;;35;5;25;15
23;24;30;34;18;34;21
;;;;;23;24
;;34;;26;36;21
17;17;20;20;1;24;15
;25;;;18;25;19
54;21;;;17;22;23
;;25;;19;;19
22;22;;;17;23;17
;24;;;18;22;20
;22;;35;22;20;19
;22;;;16;25;22
;21;;;21;18;16
26;27;;;19;19;21
;18;;;9;;17
;;26;;19;22;22
17;18;24;24;17;17;17
24;25;32;35;15;18;18
19;30;21;45;18;21;17
25;30;27;41;21;28;17
;;;;12;20;20
;20;;;20;;18
26;31;50;;26;;22
;;;;22;34;17
;;;;21;;21
21;22;30;30;17;36;21
19;23;26;30;19;20;19
;27;;28;17;20;24
;30;;;18;18;18
22;23;;;17;19;18
;;23;;18;18;18
;19;;;36;22;21
;21;;;14;19;19
;21;;;22;27;20
;19;;;21;23;22
;24;;;26;19;23
24;24;;;;;17
18;19;;;;20;18
;28;;;19;28;28
17;24;25;26;18;20;29
;20;;;30;17;21
18;18;;;18;;16
19;20;38;;18;;17
;19;;;19;23;18
18;18;38;;18;;16
21;23;;;18;25;25
;20;;;25;19;19
;18;;;15;17;17
;19;;23;23;23;23
;;23;;19;18;
;21;;;21;29;18
;;;;19;36;19
19;19;31;32;16;17;10
;;28;;20;22;21
;22;;;22;22;22
;23;;46;17;22;22
;21;;53;27;28;22
;21;;;17;22;23
;21;;;22;21;21
;;31;;23;23;23
;21;;26;21;20;20
25;26;;;25;23;23
;;;;19;12;21
;25;;;20;27;27
;24;;;17;20;17
;;;;23;21;21
18;19;23;23;18;25;22
19;20;33;33;17;22;22
;19;;;18;25;17
;24;;;24;;23
18;19;45;;16;53;17
;22;;;19;23;23
26;27;31;31;14;21;21
;25;;32;55;24;24
;20;;23;17;16;17
21;22;33;31;23;34;17
;26;;;26;19;19
;23;;32;17;46;20
;25;;26;17;24;24
;20;;;14;19;19
23;23;35;37;28;21;22
;;22;;19;22;21
17;18;23;25;17;24;17
;21;;;21;28;21
;;;;24;21;19
;;;;26;17;24
;;;;19;42;19
;26;;;27;24;23
;22;;;25;19;18
21;28;;;17;20;22
;;31;;20;18;20
20;20;26;26;16;19;20
;26;;;17;22;22
17;17;19;19;18;30;17
24;25;60;;19;24;24
;;;;21;17;16
;;;;17;38;14
;;;;18;18;21
;22;;;21;27;30
;;;;26;25;18
;;;;25;20;17
24;24;29;29;20;25;18
23;24;;;23;39;8
30;30;67;;15;;18
;18;;19;18;;17
;;20;;18;15;21
20;20;;;25;30;21
;21;;;27;20;20
;21;;40;21;20;20
21;22;52;;18;23;24
;26;;;22;19;19
27;27;65;;23;28;28
;;;;18;28;18
;19;;25;17;18;18
;;34;;18;28;17
;22;;36;44;17;17
;22;;;23;19;19
;19;;;15;18;18
21;23;32;;21;20;21
17;20;45;;14;19;13
19;19;;;16;20;16
21;21;34;34;20;18;18
18;19;29;29;17;20;21
;19;;;19;19;19
26;27;;;20;;20
;24;;;18;21;21
;22;;;22;20;18
17;19;18;28;17;18;22
28;29;;;29;;18
22;22;39;39;29;18;17
;21;;;21;17;17
21;25;32;32;19;29;20
;;33;;23;;17
;26;;44;20;34;34
;19;;;19;19;20
;;29;;21;19;19
;;;;20;22;26
;22;;;24;19;19
;;;;;18;19
22;25;26;26;;;17
;27;;;27;36;17
;;31;;25;23;18
;26;;;17;18;18
;;;;;22;22
;26;;;17;30;20
;25;;;18;;7
;;25;;25;22;22
;21;;;16;18;21
;22;;28;18;23;23
;24;;;16;16;18
20;20;38;38;26;17;21
18;20;;;15;16;19
;;28;;17;22;23
21;22;;;21;20;21
;23;;26;18;18;17
19;20;;;21;19;23
18;18;;;26;19;19
;29;;;24;22;22
19;20;49;;19;18;18
;;;;;;17
;23;;;24;18;21
;19;;;17;20;22
;22;;;18;18;21
;23;;;18;16;12
;;;;27;;20
;25;;;26;20;19
;22;;;15;28;20
;21;;;18;22;18
;25;;;18;25;25
;;;;23;18;18
;37;;;17;19;21
;;;;17;22;22
22;22;;;17;21;22
27;28;;;49;21;18
;22;;;22;;18
;;;;7;;23
19;19;32;;17;37;18
;20;;;15;22;22
;20;;;17;;18
30;32;;;18;;20
18;21;;;35;21;19
;;37;;29;18;17
;23;;;29;17;16
;20;;;16;19;19
29;29;;;17;19;19
;27;;;21;20;16
;18;;35;18;18;20
;18;;;17;18;18
;22;;;22;18;19
;28;;;28;18;18
;22;;;15;18;18
25;27;;;27;27;27
;33;;;35;18;17
;20;;;20;;16
;20;;;24;31;20
;20;;;26;;17
25;25;;;16;17;18
;20;;;23;;17
;29;;;15;18;18
;19;;;26;27;16
;25;;;17;28;21
;20;;27;27;;15
;22;;;18;;20
;;29;;17;18;21
;18;;;16;17;17
20;20;39;39;17;18;18
22;22;25;25;22;18;16
;22;;;17;20;20
;23;;;17;;18
;24;;38;38;25;18
;20;;;20;20;60
;;23;;18;18;18
;;;;26;19;22
21;22;;;23;20;19
;20;;;21;18;16
22;24;;;17;20;20
;22;;;19;22;20
21;22;;;15;20;20
;23;;;44;17;18
;18;;;18;19;18
;;23;;18;19;19
;22;;;33;21;21
;20;;;20;;17
;;28;;25;21;19
;18;;;18;18;17
22;27;;;17;22;22
;17;;22;19;18;18
;22;;;18;;12
20;23;;;23;23;23
;;;;16;19;21
;;;;21;16;17
;;56;;37;;16
;;;;49;;12
20;20;;;45;22;22
;23;;;25;;14
;;64;;20;;15
21;22;28;28;17;23;23
;21;;;17;21;
;;;;28;;19
;23;;;19;25;16
;21;;;28;18;17
;21;;;25;17;17
;;;;22;;19
;22;;;18;;21
;24;;;15;19;19
;24;;;26;17;18
;20;;;20;18;18
;24;;;20;26;14
;;;;31;34;19
;19;;21;15;18;18
;20;;23;24;;17
;;;;19;32;22
;22;;36;15;19;19
;29;;;19;24;24
;21;;35;21;;20
;21;;;21;20;17
;23;;;23;21;21
;25;;;28;19;18
20;22;;;;19;19
;20;;;21;;16
22;23;;;22;19;21
;21;;;21;;17
;23;;;19;16;15
21;22;;;17;30;20
17;19;;;17;;18
;22;;;18;;18
20;20;24;24;18;21;18
;20;;;20;16;17
;;;;17;19;19
;20;;;23;19;19
;;;;19;;20
;21;;;18;18;21
;18;;;18;36;17
;19;;;;17;23
;21;;;17;25;21
;;;;17;30;20
19;19;23;23;19;;18
;;;;18;24;17
;19;;;14;20;18
;20;;;20;20;22
;23;;;19;23;17
;;;;16;18;18
;;44;;16;;16
;22;;;27;;17
;19;;;35;22;24
;21;;;15;20;19
;22;;34;22;19;19
;17;;;14;18;18
;19;;30;20;18;19
18;19;;;18;17;18
;20;;25;30;;18
;19;;20;20;19;20
;20;;21;18;19;8
;24;;;17;19;21
;19;;;18;19;19
;21;;;21;;20
;21;;;15;18;18
17;18;39;;21;19;19
;25;;;25;18;22
;22;;;23;18;18
;21;;;21;21;22
;;;;51;;17
19;25;54;;19;10;17
;26;;27;27;26;15
;22;;;17;21;21
;21;;;15;26;19
;23;;;23;20;20
;24;;;54;17;17
;21;;;16;18;18
18;18;;;17;19;27
;25;;;25;29;20
20;20;30;;16;16;18
;21;;;18;23;23
;18;;;17;22;22
;20;;;16;;16
18;18;39;;18;18;48
;26;;;26;18;21
;18;;;18;29;23
33;37;50;50;20;18;18
;22;;;22;21;21
;24;;;17;21;21
;20;;;17;19;19
;22;;29;18;18;18
;25;;;25;19;29
;;;;17;23;21
;19;;;39;17;17
;22;;;22;;19
;22;;;18;21;21
;22;;31;22;18;23
;23;;;24;24;24
;20;;;20;26;16
;18;;;18;30;15
;22;;;17;20;20
;21;;;21;17;17
;21;;;22;21;18
;30;;;21;25;25
;20;;;20;20;20
;22;;;19;19;20
;27;;;51;;17
;21;;;19;18;21
;20;;;18;18;21
20;24;;;26;18;20
23;26;;;23;17;17
;23;;;18;24;18
;26;;;26;;17
;15;;45;15;16;15
;19;;;24;19;19
21;21;29;29;21;21;21
;23;;;19;19;21
;21;;;21;;18
;20;;;17;22;23
;24;;;56;21;21
;22;;;23;;19
;20;;;21;17;19
;19;;;15;16;16
;29;;;22;22;22
;24;;;25;20;20
;20;;;20;20;20
;24;;;24;;16
;;35;;20;17;20
;;;;65;;20
;24;;;16;16;25
;24;;;18;23;23
;21;;;17;20;20
;;;;20;20;16
31;32;;;17;17;19
;;;;18;18;20
;22;;;19;19;23
19;19;;;20;18;18
;19;;;15;18;18
;;;;15;19;19
23;40;26;;40;;14
;22;;;25;20;20
;;;;21;;16
;;;;30;18;18
18;19;;;18;17;18
;37;;;17;25;17
;19;;;17;18;18
;23;;;48;19;35
;20;;;17;19;18
;22;;;19;20;19
;;;;25;;33
;23;;;17;19;18
;21;;;18;18;18
;19;;;17;22;43
;;;;23;;18
;;;;24;19;22
25;26;;;25;22;22
;20;;;20;20;20
;24;;;18;23;23
;22;;;20;20;20
;;;;18;19;19
23;24;53;;18;23;23
;25;;35;25;19;22
;23;;;23;18;18
;17;;29;17;18;19
;21;;;24;23;23
;20;;;20;;11
;23;;;24;23;21
;22;;;22;;19
;22;;24;19;18;17
;29;;;19;;20
;21;;;15;18;18
;24;;;17;29;21
;30;;31;64;18;18
;22;;;22;;12
;23;;;18;26;17
;23;;;31;17;17
;20;;;56;;12
;18;;;18;23;19
;26;;;51;;11
;23;;;18;48;22
;23;;;13;22;23
23;23;65;;18;19;19
17;18;31;31;18;18;17
;20;;;19;19;19
17;17;;;29;18;20
;28;;;16;17;17
;18;;;15;18;18
;21;;;17;21;18
;18;;41;18;19;18
;20;;;19;20;20
25;26;32;32;23;22;22
;28;;;36;22;22
;24;;;17;;17
;23;;;19;;19
;23;;;17;23;23
;27;;38;20;28;20
;26;;;21;;17
;21;;;21;18;18
;;26;;17;22;22
;19;;25;19;22;20
17;18;;;30;19;18
17;17;19;19;17;17;18
;32;;44;;28;17
;29;;;18;24;24
;22;;38;16;17;16
;18;;19;19;47;17
;;20;;17;20;20
;;;;;16;17
27;29;;;17;22;23
;;;;18;24;18
19;20;;;18;18;24
;;61;;19;28;19
;19;;;19;27;17
;;;;20;22;22
25;26;;;;19;17
;22;;;22;42;17
23;23;32;32;23;19;20
;;23;;18;18;20
24;24;;;24;19;15
;27;;;22;22;22
25;26;27;27;17;21;21
;22;;;19;21;21
;19;;;19;18;18
;25;;;37;15;15
;20;;28;18;31;20
;26;;;17;37;18
;;26;;17;20;20
;22;;;25;22;22
;;;;17;19;19
22;26;;;20;24;20
24;31;;;24;16;20
;21;;;18;20;20
;21;;29;18;21;21
;21;;;17;18;18
;35;;;18;24;19
22;22;27;27;22;18;16
;;23;;18;17;19
;;;;27;27;18
;30;;;38;;17
;;;;47;26;24
;21;;;17;26;22
;19;;27;20;19;19
;21;;27;18;33;16
;21;;;35;23;16
;26;;;18;29;18
25;26;;;28;18;17
21;21;40;;17;;17
30;43;32;51;27;24;18
;22;;;35;21;17
;26;;;18;23;23
;;;;17;19;19
;29;;;26;26;20
;20;;;17;19;19
;19;;;27;20;22
;24;;;14;24;37
19;23;20;;18;19;18
;;36;;17;18;18
;;;;16;19;17
;;35;;24;20;19
;;;;25;16;17
;23;;;23;18;15
;19;;20;20;29;27
;;;;33;29;22
;20;;;21;21;22
;19;;20;19;17;24
19;23;;;36;18;20
;26;;;19;23;23
29;30;;;29;19;19
;23;;;19;21;18
;23;;;13;23;58
;21;;;17;18;18
;23;;;15;21;22
;21;;;21;;67
;24;;;24;20;23
;19;;;19;19;30
;21;;26;25;21;17
;22;;42;17;21;21
;25;;34;17;21;21
;27;;37;20;25;19
;22;;;7;22;52
;21;;;17;19;19
21;22;37;;24;24;18
;21;;;23;23;23
;19;;;17;21;22
;25;;;21;16;17
;18;;;18;20;17
15;23;27;27;18;18;18
;25;;;19;19;19
;20;;31;18;20;26
37;38;;;19;23;17
;24;;;15;37;18
;21;;;18;18;17
;24;;;51;21;18
;19;;;19;;17
;19;;;19;;18
;24;;;17;28;20
;23;;;17;22;22
;18;;;18;20;21
;;25;;2;;20
;23;;;17;19;18
;20;;;20;19;19
;18;;;18;;18
;19;;;21;19;20
;19;;20;27;19;19
;23;;;18;20;20
;20;;;21;;17
;24;;;24;19;19
;19;;42;19;26;19
;18;;22;15;;17
;;37;;17;19;19
;19;;;17;23;25
;21;;;21;18;21
;16;;;16;30;16
;22;;;22;22;21
;33;;44;18;23;23
;22;;;22;19;19
;22;;30;22;22;22
;25;;25;21;21;19
;23;;;19;19;21
;21;;;18;18;18
21;26;45;;25;19;19
;24;;;18;24;24
;21;;;17;20;20
22;23;59;;23;19;19
;27;;;25;21;20
;22;;;17;22;22
;23;;46;23;19;19
;18;;;18;;16
;24;;;19;17;21
;21;;;21;25;25
;24;;;22;22;19
;28;;;58;48;32
;28;;;20;28;28
;22;;;22;18;18
;21;;;17;22;23
;19;;;17;19;19
;24;;49;17;21;21
20;21;;;20;21;18
21;21;;;19;20;20
;26;;;26;18;17
19;19;38;;15;19;19
;;;;25;38;20
27;29;;;18;19;66
;25;;30;25;;16
;23;;;17;20;20
22;23;;;21;25;18
;20;;;25;23;20
19;20;21;21;43;;14
21;22;70;;22;17;16
;19;;;19;37;17
;17;;28;17;22;23
20;21;27;;20;23;20
;19;;34;20;18;18
;17;;;17;;16
;21;;;17;22;22
;20;;27;21;19;19
19;20;;;16;20;20
17;17;;;17;;17
;19;;;19;17;19
16;17;20;20;19;22;22
;17;;;17;;17
;19;;;19;20;21
;24;;;36;;17
20;24;47;47;20;19;17
;26;;;17;20;23
;24;;;15;27;23
;22;;;18;21;21
;;47;;21;34;21
;;;;13;;17
;25;;;18;17;18
;21;;;18;20;20
;20;;;17;23;27
;23;;;24;23;23
;;;;;18;21
;19;;;18;19;19
;23;;;17;17;22
;21;;;18;21;20
23;23;26;26;21;21;24
;21;;21;28;;15
18;19;;;22;20;23
;21;;33;18;20;20
;26;;;26;;17
;22;;;22;31;36
;18;;;15;19;19
21;22;;;20;;20
;21;;;21;21;21
21;21;30;26;22;21;18
;23;;;23;22;16
;;;;31;21;21
;22;;;17;22;19
;;;;27;21;21
;20;;;17;17;20
;20;;;17;19;20
;22;;;18;17;14
;21;;22;20;18;20
;23;;;23;19;20
;21;;;21;37;19
;24;;30;15;21;18
;19;;;19;19;19
25;25;;;25;;19
;21;;;21;;16
15;15;17;;16;16;19
;;;;17;18;20
;24;;;24;30;21
;18;;;15;17;23
;;;;18;23;23
;27;;;18;20;19
;20;;;20;16;17
;18;;;17;25;17
20;21;24;24;18;21;21
;49;;;17;19;19
21;22;;;17;26;18
;21;;;20;19;19
;;;;17;19;21
23;23;;;18;20;18
;20;;;20;22;17
;20;;;22;23;23
17;17;;;24;18;18
;20;;;20;;45
;;;;27;19;19
20;21;32;32;21;;19
;;;;17;23;20
22;22;36;36;22;18;17
21;21;;;19;23;19
;20;;;17;22;24
20;20;;;20;17;18
;22;;;12;20;19
;;;;20;;17
;24;;25;6;;17
;20;;;20;19;20
;;;;18;19;19
;26;;;26;20;18
;20;;;20;18;17
;24;;;24;20;20
;23;;;23;21;17
;19;;;19;;21
;20;;34;20;;18
;22;;;22;;20
;25;;;45;19;21
;25;;;27;20;29
;;;;26;20;21
;30;;;19;19;21
;33;;;33;21;22
;19;;;19;22;26
;19;;;;20;22
;20;;23;17;23;25
;23;;;17;20;19
;;;;32;;10
;18;;;18;22;23
;24;;29;20;20;20
;45;;;17;20;32
;20;;26;20;20;23
;23;;;28;20;21
;31;;;31;23;24
17;24;;;17;20;21
;22;;;22;20;
;23;;;23;23;
;21;;;;19;21
;24;;;24;;12
;27;;;27;;16
;27;;;28;20;19
;31;;;30;20;19
;22;;;18;16;17
;26;;;26;22;21
;;;;;23;18
;23;;;38;18;21
;22;;;14;18;27
;24;;;14;;12
;24;;;24;18;21
;24;;;24;;18
;21;;;21;20;15
;21;;;;18;18
;24;;;24;22;22
;30;;;17;18;20
;28;;;25;25;22
;20;;;20;;55
;25;;;34;;21
;27;;;34;;22
;26;;;26;22;26
;22;;;17;18;
;28;;;28;18;20
;;;;;20;22
;18;;;25;;17
;24;;;24;;17
;23;;;;22;22
15;18;;;15;;18
;26;;;34;18;20
;;;;;22;25
;20;;;20;20;21
20;40;;;17;20;17
;21;;;17;21;24
;18;;;18;;
;20;;29;20;20;20
;24;;32;24;20;20
;25;;30;16;19;37
;;;;18;23;26
;26;;;;22;22
;30;;;18;23;19
17;18;;;17;;
;;;;18;24;24
;28;;;17;22;23
;;;;37;20;27
;;;;17;22;22
;25;;;26;22;23
;22;;;22;23;37
;;;;18;23;22
;21;;;21;23;22
;20;;32;20;22;22
;24;;26;26;21;30
;;;;;22;23
;23;;;17;20;20
;21;;;21;18;18
;23;;28;39;22;24
;20;;;20;;
;;;;17;22;17
;25;;;17;20;30
;;;;;;27
;;;;;;
;23;;;23;22;22
;23;;;;26;24
;;;;11;;24
;;;;19;;27
;18;;;18;19;21
;;;;;20;20
;20;;;20;;
;24;;;17;;26
;;;;;;
;26;;;26;23;31
;29;;;29;;24
;;;;27;24;24
;30;;;30;;20
;28;;;;15;29
;26;;;17;;19
;20;;;30;;
;21;;;21;;20
;20;;;20;19;
;20;;;20;;46
;;;;22;;38
;20;;;20;18;33
;;;;18;23;23
;24;;;17;24;24
;;;;;22;23
;28;;;28;;29
;27;;;;22;37
;;;;19;23;23
;24;;;24;;58
;27;;;27;22;22
;27;;;17;;19
;27;;;18;;25
;18;;;18;;
;20;;;20;;20
;17;;;17;;
;18;;;18;21;22
;;;;30;;
;19;;;19;20;
;26;;;;40;26
;31;;;31;;26
;25;;;;23;17
;18;;;52;21;59
;;;;;;
;26;;;18;18;20
;;;;;24;24
;24;;;28;23;33
;24;;;24;;24
;23;;;29;24;26
;;;;;22;21
;17;;;17;20;
;;;;;;9
;24;;;24;;23
;;;;42;;35
;;;;19;;19
;25;;;38;;42
;26;;;26;;
;19;;;19;20;27
;29;;;18;22;23
;26;;;26;;
;29;;;24;23;25
;21;;;21;21;26
;42;;;43;23;24
;25;;;25;;20
;;;;;25;26
29;29;;;18;;20
;29;;;31;;22
19;19;;;19;22;27
;;;;21;23;23
;20;;;20;;27
;32;;;32;;38
;30;;;13;;41
;21;;;21;20;21
;26;;;27;31;13
;23;;;23;;16
;19;;;19;20;
;22;;;26;19;19
;22;;;17;;21
;27;;;18;26;22
;21;;;27;17;22
;;;;5;7;23
;23;;;23;;19
;26;;;;19;13
;27;;;18;;38
;;;;18;;24
;21;;;17;17;21
;25;;;25;19;24
;28;;;28;;28
;;;;23;20;20
;27;;;;;30
;;;;;;
;22;;;;;23
;22;;54;22;20;
;18;;;18;;
;;;;22;;42
;18;;;18;;15
;26;;;26;23;26
;;;;;;
;25;;;29;21;22
;;;;;5;5
;;;;20;;
;18;;;18;;21
;20;;;20;;
;;;;;;
;26;;;18;26;21
;23;;;23;21;23
;20;;;20;;18
;20;;;19;;37
;27;;;27;;34
;26;;;10;;47
;20;;;33;23;23
;20;;;20;18;25
;20;;;28;21;27
;27;;;;20;35
;20;;;20;;27
;22;;;17;22;22
;21;;;21;;27
;17;;;;;
;;;;19;;47
;24;;;24;29;22
;20;;;23;23;23
;;;;20;;22
;;;;24;;23
;17;;;17;18;
;24;;;30;20;21
;34;;;34;;31
;20;;31;18;23;14
;22;;;22;20;
;;;;4;;16
;25;;;25;;24
;24;;;32;19;
;21;;;21;19;41
;15;;;19;;
;29;;;18;19;29
;22;;;22;20;
;26;;;25;19;19
;26;;;31;;19
;17;;;9;17;
;17;;;17;21;
;21;;;21;18;
;;;;25;24;13
18;19;23;31;27;31;19
18;19;;;15;18;18
20;21;37;;20;20;18
;19;;28;17;21;21
;;30;;22;20;21
;23;;51;27;;14
21;21;22;36;21;21;21
;;;;;19;25
;21;;;14;20;20
26;31;;;29;20;19
;18;;;18;24;17
19;19;22;22;22;18;19
;23;;;23;;18
;20;;30;17;23;23
;28;;32;53;23;16
22;26;;;27;18;22
22;22;36;36;22;22;16
;20;;;20;29;17
;;28;;17;22;22
;24;;34;43;18;17
;27;;;25;24;24
;21;;;21;17;25
;21;;;19;21;21
21;21;58;;22;34;17
;22;;;19;19;21
;20;;;20;18;19
;;;;24;19;19
;;;;18;25;25
;;;;18;15;23
;20;;;17;17;18
;21;;37;18;20;18
;18;;;18;19;19
;20;;;28;18;18
;20;;;20;20;17
;21;;;21;16;17
23;23;43;;21;;16
;27;;;27;43;16
;20;;;20;21;21
19;20;78;;19;38;12
;19;;;19;19;19
;18;;;18;19;21
;;20;;18;18;20
19;19;43;43;18;18;18
;23;;;21;;17
37;39;;;21;21;21
;22;;;20;30;27
17;18;;;19;;20
24;25;;;14;29;20
;21;;;20;21;19
;21;;;15;19;19
;;22;;36;22;22
;24;;40;24;29;20
17;19;23;24;17;20;17
;25;;44;20;26;17
;21;;35;22;19;17
;;;;21;21;21
;23;;;33;19;20
;;;;18;19;20
;27;;;46;18;18
;23;;;18;23;23
;;68;;41;22;23
;28;;;28;18;18
;;;;22;28;18
20;20;;;17;21;20
;19;;32;20;19;19
17;17;33;33;15;17;17
23;24;;;17;18;19
;22;;;13;20;16
;25;;;36;19;16
;25;;;22;25;22
24;29;;;18;25;17
;;;;21;29;21
;25;;;18;21;17
;;;;17;22;22
;23;;;22;;18
18;19;40;;22;;17
20;21;47;;20;18;18
22;33;29;;19;19;19
21;21;32;33;19;;19
;20;;;17;21;23
24;24;32;;22;22;28
;20;;25;15;18;19
22;22;;;18;23;41
;23;;;15;16;19
20;20;53;;16;18;18
;18;;41;17;35;34
;19;;;19;25;17
;;;;30;22;22
;19;;30;16;17;16
;22;;;19;19;22
;18;;;18;;18
;36;;;17;;33
;24;;;23;21;24
;20;;;26;17;15
;;29;;15;18;20
23;24;;;23;18;23
18;20;;;18;;16
24;25;;;17;23;23
;22;;;17;18;17
;19;;;19;;18
;22;;;22;19;19
;23;;;23;18;18
;20;;;20;19;18
22;23;;;18;17;17
;19;;;15;19;22
23;24;;;17;19;22
;20;;;25;21;20
;18;;;16;18;18
;22;;;22;18;21
;19;;22;19;;19
;26;;;26;24;18
;20;;;20;37;37
;17;;19;15;19;19
;23;;37;18;30;17
;21;;38;;19;18
19;19;;;15;18;18
;18;;26;22;22;18
;23;;;23;;17
30;31;;;41;25;25
22;26;35;35;14;25;18
27;28;59;;32;24;19
;24;;;15;26;17
19;21;24;25;15;17;17
21;22;;;17;23;24
;24;;35;24;20;20
;20;;;21;23;17
;18;;;18;;22
;;;;22;20;19
;;;;20;23;26
;;;;21;21;18
35;37;58;;33;;16
;24;;;22;;17
;21;;;21;;17
23;23;;;26;26;19
25;26;;;17;27;24
18;22;56;;19;;16
;23;;;19;23;23
;33;;;33;23;23
;;;;;21;21
;22;;;58;19;19
21;22;28;;34;;18
21;23;;;16;21;21
23;25;;;28;18;24
23;24;;;16;21;21
23;24;;;18;21;21
;16;;;16;22;16
23;25;;;15;;17
21;22;;;18;18;21
;;;;28;19;19
37;38;;;18;31;18
24;24;;;18;21;14
;22;;;30;;20
;23;;28;18;23;23
22;22;22;22;14;20;19
26;26;26;26;23;25;27
19;20;;;18;32;17
;19;;;14;17;18
;;36;;18;18;19
22;22;34;34;17;25;25
;20;;;15;19;19
;22;;25;16;20;22
28;30;39;44;23;16;21
;;42;;20;34;20
;19;;;19;19;21
19;22;22;40;22;19;17
;22;;;22;30;21
;;;;20;22;26
;19;;;19;18;18
34;34;48;;16;23;23
;18;;29;15;17;21
;22;;;20;20;21
18;19;;;18;25;18
;20;;38;19;20;17
;25;;;18;26;18
;21;;;17;36;17
;19;;;19;39;18
;22;;;22;22;23
22;23;24;26;18;20;20
29;29;;;19;;17
24;25;26;26;18;18;20
;21;;;15;20;16
;23;;;16;;17
;20;;38;16;20;17
;20;;;17;32;32
16;17;29;38;24;17;28
;;;;15;17;17
;26;;;34;17;16
;22;;;20;22;22
22;23;24;24;23;30;17
;24;;;27;;14
;21;;;22;18;21
;18;;;18;17;24
;23;;;24;24;24
;27;;;22;21;18
;23;;;23;21;21
23;23;;;19;24;18
;18;;;18;18;21
26;26;;;20;18;19
;;;;;20;21
;17;;;17;24;17
;19;;;18;17;16
;22;;31;20;20;20
;24;;;22;28;18
;18;;28;18;19;19
;;;;21;;
;24;;;33;20;20
22;22;;;19;19;20
;22;;;18;23;23
23;23;31;31;15;19;20
;18;;;13;18;18
;19;;;19;;15
28;29;31;31;17;20;20
;19;;;19;;15
;21;;;18;19;19
18;19;48;50;24;;15
;20;;48;33;19;18
;21;;;19;17;17
;48;;;18;18;18
;29;;;29;20;16
;;;;;19;20
20;24;36;33;18;36;21
18;18;23;23;30;17;17
;24;;27;17;37;17
;;;;21;18;20
;20;;;20;17;18
;22;;33;17;36;18
;;19;;17;17;18
;;;;17;22;22
;27;;;18;26;26
;;23;;20;20;24
17;18;;;17;;26
;22;;;22;24;17
20;21;;;20;37;17
26;28;53;;26;;15
20;24;24;;17;22;23
22;23;31;;27;18;22
;18;;54;21;29;16
;22;;;17;22;22
;;64;;34;26;26
;21;;;31;19;19
;22;;;20;20;20
;21;;27;20;18;18
;18;;;28;18;20
;27;;;27;30;19
;20;;;20;22;22
;23;;;18;20;22
;;;;;22;22
;20;;;18;26;19
;23;;;23;17;18
;20;;;;29;17
28;28;39;39;19;23;14
;24;;;18;22;21
;21;;;18;21;21
;25;;;33;19;19
;17;;;17;14;14
;23;;36;23;20;17
;22;;;29;19;18
;18;;;3;23;19
22;22;;;17;23;16
;25;;39;18;23;21
;19;;22;45;17;18
;;;;23;24;23
;18;;;18;;26
;24;;;26;;10
22;23;;;23;18;20
;23;;;16;38;24
27;27;;;19;19;19
;28;;;36;16;13
24;24;;;18;19;18
28;28;30;34;19;19;19
;23;;;17;22;22
;19;;;19;26;19
;18;;;18;17;17
19;22;19;;19;17;19
;20;;;20;20;20
23;25;;;25;17;17
;21;;;19;27;18
;20;;30;24;19;19
;23;;;24;20;14
;36;;;36;24;19
;21;;;21;19;19
;21;;;23;17;13
;22;;;22;21;21
;27;;;27;20;18
23;24;;;37;20;18
;25;;;20;18;19
;19;;27;19;18;18
27;27;;;16;17;17
;21;;;22;19;19
;20;;;20;20;20
;21;;22;21;;19
23;25;;;29;16;16
;20;;49;19;18;19
;21;;;23;24;17
;;;;;20;21
22;22;23;23;18;15;16
;18;;;18;27;18
;17;;20;17;17;16
;;37;;23;;11
;22;;;22;20;23
;24;;26;17;21;18
;19;;24;19;25;25
;;25;;37;17;17
;;;;16;19;19
22;22;23;23;18;18;17
15;18;;;16;;17
;20;;;21;22;20
;22;;;19;21;21
;22;;;18;19;17
;22;;;22;27;19
21;21;43;;21;21;21
;25;;;25;40;17
26;29;27;29;18;24;26
22;23;23;30;15;18;18
;22;;;28;18;17
;25;;;20;17;21
22;24;27;;20;27;17
;23;;;24;19;19
;;;;18;17;17
;20;;22;18;20;18
;;24;;17;21;31
;20;;21;20;21;20
18;25;;;26;;
;21;;25;19;20;17
;25;;;19;24;24
;;;;33;19;21
;;;;19;23;17
19;27;;;19;17;17
;;;;26;19;19
32;32;;;17;20;19
;18;;22;20;16;16
;22;;;17;19;19
;22;;;23;19;19
;21;;;18;19;20
;21;;;21;17;17
;17;;19;18;16;16
17;19;;;17;17;19
;22;;32;22;19;19
;24;;40;20;23;23
18;26;19;;20;19;20
;21;;23;19;21;19
;27;;;16;23;17
;22;;;22;17;18
21;22;;;21;17;17
;20;;;18;19;20
20;21;29;;20;;22
;21;;51;26;;18
;;24;;17;34;21
;22;;51;15;21;22
;25;;27;25;17;17
25;26;;;16;16;17
18;18;24;24;3;16;16
;25;;;18;24;17
;22;;;15;18;18
;21;;;20;32;20
;31;;;18;19;20
;24;;;19;24;20
;26;;;26;18;19
;18;;23;17;23;21
;21;;37;17;19;21
;18;;;18;17;20
;20;;;16;19;19
;22;;;22;;18
;21;;25;17;30;18
22;23;;;22;23;23
;21;;;22;18;18
21;21;22;28;41;15;18
21;22;52;;53;;17
22;22;;;64;21;21
;22;;;22;24;18
;18;;23;15;19;17
;17;;21;18;26;17
;23;;;18;30;22
;;;;23;;17
;;;;18;23;21
;23;;;26;19;20
;21;;;17;18;20
;21;;;19;22;18
;20;;;15;18;18
;20;;;33;19;18
;;;;17;17;14
22;22;41;41;18;19;19
;;;;37;16;18
;20;;;19;21;24
;;;;;18;18
;30;;32;17;24;24
;21;;;16;19;18
18;18;76;;15;15;27
;22;;25;25;18;15
;22;;;18;17;16
;14;;29;17;22;22
18;18;;;17;;18
23;24;59;;4;17;17
;24;;;14;26;19
24;26;25;;34;20;20
;20;;;17;19;19
;20;;;19;23;23
;22;;;23;17;18
;22;;;17;22;22
23;24;38;38;20;18;17
;20;;;17;20;20
;22;;;22;19;18
;21;;;23;18;17
;19;;;19;27;26
;23;;;23;;18
23;41;76;;23;23;23
;;;;39;;16
;28;;;17;25;20
;22;;;22;18;20
18;18;20;21;1;;17
;26;;;29;18;23
16;18;;;16;;15
;20;;;17;19;19
;19;;;16;20;18
;;;;21;;21
;18;;;18;;21
;18;;;15;19;19
;20;;;22;;16
;21;;;21;;18
;33;;;29;;11
;19;;;21;20;19
;21;;;25;19;17
;21;;;18;22;20
;;55;;20;18;20
;21;;;18;27;19
;19;;;19;18;18
20;20;21;24;20;;19
;18;;;20;19;21
;18;;;28;19;16
;19;;;19;;18
;22;;32;41;19;18
;23;;;16;20;20
;18;;;25;17;18
;21;;;26;19;
18;19;51;;18;;19
22;23;54;;22;;19
36;36;37;38;36;;
;16;;;16;;17
;34;;;36;23;23
;26;;33;17;22;22
;19;;;19;45;19
18;19;47;47;0;16;15
;21;;31;18;21;21
21;21;;;21;22;24
18;18;;;18;19;18
22;23;31;36;19;39;16
;21;;23;18;17;17
;24;;;17;22;19
20;20;;;18;18;16
30;34;;;29;20;19
17;19;;;14;16;16
21;24;35;35;18;35;18
;21;;21;16;18;18
18;19;59;;18;;16
15;18;37;;18;;17
16;17;;;15;;15
;26;;;48;28;17
21;21;23;;21;30;18
16;17;20;;25;24;24
18;24;;;15;17;18
;24;;;37;;17
;25;;;16;18;20
;29;;;20;;11
;;;;51;;31
21;22;63;;21;;16
;;26;;18;19;18
40;40;41;;21;19;19
;18;;;18;15;15
;22;;;22;37;19
18;19;;;18;19;19
;28;;;28;20;21
19;25;24;;27;17;17
18;18;29;29;19;17;17
21;21;;;21;24;20
;21;;;21;42;17
;18;;;19;;14
19;24;;;3;18;18
30;32;;;17;19;19
;18;;;22;21;
;19;;30;19;;17
16;16;;;16;;17
;18;;;24;19;19
;20;;;20;21;27
;19;;;18;;17
;19;;;42;18;19
;;32;;20;25;25
;23;;;23;19;20
;21;;;16;20;20
;;43;;17;19;19
27;27;;;26;25;22
;22;;;18;19;19
;24;;;17;22;22
;;;;17;26;21
;20;;43;17;42;24
;24;;;15;19;21
;20;;28;19;21;21
19;20;40;;18;23;19
;21;;;19;17;20
;25;;;25;21;18
17;17;;;17;19;16
26;26;;;20;18;18
23;26;;;23;26;16
;19;;35;19;24;18
;22;;;38;20;20
;19;;;24;;25
21;21;26;26;21;20;17
;20;;;20;24;24
;19;;;19;20;20
;31;;;24;;18
;21;;;30;19;20
;27;;;24;21;26
;20;;;18;;28
22;22;36;;23;15;15
;24;;;24;24;37
20;25;;;25;20;17
;25;;;25;29;29
23;24;;;24;18;21
;;;;24;;18
;22;;;22;18;19
;;;;21;18;18
18;19;;;15;30;18
19;20;38;32;32;;17
;25;;;22;29;23
;22;;;17;22;23
19;19;54;;19;24;29
;26;;;18;25;18
;;;;27;21;22
;20;;;18;20;20
;21;;22;26;21;21
18;20;;;18;18;19
;19;;;19;21;26
13;49;;;13;19;20
;20;;;20;23;17
;22;;;24;27;20
;18;;;13;21;18
;20;;29;20;36;26
;20;;;20;19;19
25;27;35;35;19;20;20
;19;;26;19;20;22
;22;;;18;24;24
20;21;;;18;28;20
;21;;22;27;47;21
;24;;;21;21;17
;20;;;18;17;18
;19;;35;18;20;18
16;17;45;46;15;;28
22;28;;;22;18;18
;28;;;28;19;19
27;28;;;4;20;17
;27;;;17;19;16
;22;;;30;24;17
;26;;;29;;18
;21;;;21;17;25
19;20;;;23;18;20
;21;;;18;17;20
;22;;23;27;20;20
;24;;;25;18;18
;38;;;38;23;23
;20;;;15;17;17
;21;;;17;19;18
;30;;;21;21;19
;18;;;17;30;32
;24;;;24;19;18
;30;;;30;19;21
;24;;;24;17;17
25;37;;;17;22;24
;21;;;17;23;24
;;;;17;29;19
;20;;;60;17;18
;21;;;21;21;24
19;20;;;20;25;18
23;24;;;19;19;21
;24;;;24;20;20
26;26;67;;26;;34
;19;;;25;36;37
;;;;18;17;27
25;25;;;25;23;23
23;24;61;;20;;13
17;19;24;;17;27;16
23;36;24;;21;;13
18;18;42;42;18;20;16
;21;;;27;20;21
21;28;;;18;17;17
;;;;17;16;
;18;;;18;18;18
;21;;;15;19;19
24;24;53;;24;19;17
;22;;;22;20;20
;19;;;18;20;20
;19;;30;17;20;17
25;25;25;27;17;20;19
;20;;22;18;23;23
;22;;;22;21;26
;;43;;19;16;17
;22;;;18;28;20
;;;;20;25;25
;18;;;17;17;17
;19;;;21;21;17
;;30;;16;19;17
;32;;41;32;17;18
;24;;31;24;17;18
;23;;25;15;18;18
;21;;;21;;20
;17;;21;20;18;18
23;24;;;21;15;14
;26;;;18;21;22
;22;;;22;19;18
15;29;;;16;;28
;18;;21;18;25;19
;21;;;24;;17
;;21;;20;18;17
;20;;23;18;38;19
;19;;20;18;30;19
;21;;;17;31;18
;24;;;48;16;16
;17;;;17;;21
;20;;;26;19;20
;23;;;23;21;17
18;24;24;25;16;;16
;21;;;21;20;20
;18;;;25;20;20
;;;;17;20;21
;21;;24;20;20;20
;30;;;24;32;20
;20;;;20;23;18
16;16;19;19;16;23;21
;27;;;27;21;23
20;24;;;20;;16
;18;;27;22;21;17
;23;;;16;16;19
;21;;;17;18;18
;26;;49;17;19;19
;19;;;18;20;18
;19;;;19;50;18
;26;;;22;22;22
19;19;23;32;19;16;19
;21;;;22;22;17
;;;;;21;21
19;20;;;19;17;17
;20;;;12;30;18
;24;;;17;18;22
;21;;;21;19;19
;24;;;24;;17
;23;;;23;17;17
18;19;31;31;15;19;19
;;;;19;23;23
;22;;;24;18;18
;19;;;19;17;17
;32;;;21;32;33
27;27;46;46;18;17;17
;;;;;22;18
;23;;37;;25;19
;24;;43;22;27;17
;26;;;27;22;22
;26;;40;25;28;17
;17;;20;14;17;17
;;;;;26;26
;;;;26;22;25
;21;;;20;38;17
;22;;31;18;24;24
;22;;;17;22;22
;22;;;19;53;18
;23;;56;23;23;23
;18;;;15;39;18
;;30;;27;;17
;24;;;20;25;20
;;;;24;31;21
;22;;30;26;24;24
;;;;;21;17
;19;;31;17;;16
;18;;;18;;18
22;24;52;;18;23;23
22;21;;;19;20;20
;23;;;20;;20
;25;;;33;;16
;;;;18;;16
;27;;;27;23;22
;20;;33;;;10
;19;;33;10;17;17
;27;;;25;25;25
;25;;;25;23;21
24;27;27;30;24;20;19
;22;;;22;23;22
18;18;;;18;;19
;21;;;21;18;18
;23;;;21;26;29
;19;;31;19;20;18
;22;;;24;;19
;21;;;26;18;18
;;;;28;20;16
;;;;17;23;23
;;;;;23;23
;28;;;28;25;18
;26;;;17;22;22
;26;;;13;26;26
;22;;;21;20;20
;18;;23;18;;17
;19;;;44;18;28
23;28;;;23;19;21
;32;;;28;;18
;22;;;22;26;19
;;;;20;26;18
;23;;;23;26;22
;22;;;22;40;18
;;38;;21;16;16
;31;;;47;19;20
;21;;;19;21;24
;21;;;22;;14
;22;;28;56;22;19
;22;;37;24;28;20
;19;;;;19;22
;24;;;18;;15
;30;;;16;18;18
;26;;27;23;23;23
;;;;22;15;17
;25;;28;19;26;26
;20;;;20;;16
;20;;;20;33;20
;20;;;29;23;24
;25;;;25;19;19
;18;;;12;22;36
;;44;;18;16;18
;20;;;20;23;23
23;24;;;12;21;19
;23;;49;19;23;23
21;22;26;26;26;18;23
;23;;;24;29;17
;25;;;20;20;23
;19;;;17;22;25
;;;;53;21;19
;23;;41;23;24;18
;18;;;15;18;20
;;26;;22;22;22
;26;;33;26;;18
23;29;39;;25;29;18
;28;;;28;24;16
;25;;27;26;20;22
;26;;;16;20;20
;25;;;25;;18
;27;;;27;27;30
;20;;;16;18;17
;21;;;21;16;18
26;27;;;33;24;24
;21;;;25;18;18
25;26;;;26;26;26
;;;;;19;20
;21;;26;15;18;18
;21;;;27;24;24
;;;;16;19;19
;26;;;20;19;12
20;20;;;17;22;22
;21;;;21;21;21
;27;;;23;18;18
;23;;;23;11;18
;18;;;18;20;30
;18;;;18;17;17
;20;;;20;17;19
;18;;34;18;18;20
;19;;;16;20;20
;22;;;19;37;22
;24;;;24;21;21
;17;;;17;18;17
;21;;;20;18;18
;18;;;18;19;
;25;;;27;49;15
;18;;;18;;15
;22;;;44;18;18
;21;;27;19;21;21
17;18;;;18;18;18
;22;;;31;24;17
;;;;19;25;25
;22;;;23;22;22
;22;;;20;20;22
;22;;;15;19;18
;20;;;15;19;19
;20;;23;20;20;17
;23;;;23;;11
;19;;;20;;25
;18;;;14;17;18
;21;;;21;19;29
;18;;;17;22;24
;23;;;16;18;18
;18;;;18;15;15
;22;;35;17;20;21
;30;;;22;;18
;25;;;25;20;20
18;19;;;21;17;17
;23;;;17;21;21
;25;;30;15;31;22
;20;;;17;20;20
;18;;20;18;20;22
;28;;;25;25;22
;23;;28;18;22;17
;21;;;21;18;19
;19;;27;22;19;22
;20;;35;48;21;21
;20;;;18;;10
20;20;;;20;19;19
;21;;;26;23;20
;21;;22;21;18;14
;27;;;17;25;20
;21;;;18;19;19
;;;;21;21;21
;26;;31;22;20;17
;21;;28;23;18;18
;23;;;17;19;19
;23;;;19;21;20
;19;;;16;20;18
20;21;;;34;20;14
;19;;;17;;17
;23;;;20;;20
;19;;;19;23;19
;18;;40;16;16;17
;20;;;19;18;18
;25;;30;17;21;21
;;;;20;;18
;18;;;18;;13
;21;;;20;24;16
;20;;;28;18;20
;17;;;16;18;19
;26;;;23;26;18
;22;;;19;19;21
;21;;;15;17;16
;20;;;17;23;19
;25;;;18;20;15
;19;;;15;18;18
;;;;24;22;22
;22;;;19;32;19
;19;;;14;20;20
;21;;33;21;20;20
;20;;25;20;21;19
;;;;60;22;22
;19;;;17;19;19
;19;;28;15;20;17
;24;;;18;22;19
;18;;;19;21;20
;23;;47;22;;18
;20;;23;16;18;16
;22;;;23;18;18
19;20;;;15;26;18
;19;;;20;20;23
;;;;;19;
;21;;;18;18;18
;24;;;16;20;20
;;29;;24;20;21
;21;;;20;18;18
;20;;23;33;25;19
;21;;;21;17;23
;26;;;26;23;23
;22;;;18;18;19
;20;;;24;19;18
;20;;;23;19;19
;22;;24;18;16;20
;23;;;23;20;20
;22;;;23;19;19
;17;;19;10;17;18
;24;;;24;23;24
;31;;;19;18;18
;24;;;24;22;17
;18;;;16;17;16
;25;;36;15;19;19
;28;;;24;24;24
;21;;23;21;20;17
;21;;25;21;19;19
;20;;;20;15;14
;22;;34;18;18;21
;18;;59;18;;18
;26;;;29;17;13
;24;;;18;19;23
;19;;;19;;17
;;;;33;20;18
;16;;;17;;16
;19;;;19;;19
;23;;;24;17;17
20;21;;;16;32;17
;;;;18;20;19
;22;;;19;;18
;24;;;23;23;23
18;18;48;;17;18;21
;24;;;26;16;12
;19;;;19;;14
;34;;;19;;16
;20;;;17;22;23
;19;;;15;15;16
;19;;;15;33;19
;22;;;22;;22
;16;;;18;17;18
;20;;;20;;15
;25;;;29;;12
22;24;63;;27;48;16
;19;;;15;19;19
;23;;;23;20;19
;20;;25;17;20;22
;18;;;18;;16
;21;;;25;;13
;20;;25;30;19;21
;20;;;20;19;20
;19;;;17;19;21
;17;;;23;18;20
;26;;;16;;17
;20;;;18;;12
;22;;;22;19;20
;20;;;20;;16
;27;;;27;;15
;20;;;41;;14
;19;;;19;;18
;;;;23;18;20
;25;;;25;15;24
;;;;22;17;21
24;24;;;41;15;19
;21;;;20;16;16
18;19;;;19;;18
;22;;;22;;13
24;25;;;24;18;18
;22;;;22;;15
;18;;;15;25;18
;24;;;24;26;19
18;19;;;17;21;19
;19;;23;19;20;19
;25;;;21;26;24
;;30;;18;20;21
;22;;;24;;17
;18;;;18;20;20
;19;;;19;18;15
;;;;17;22;20
20;31;;;19;24;25
;;;;17;25;26
;20;;;20;32;28
;;;;11;20;21
;20;;;17;19;20
15;21;16;29;22;18;20
23;29;25;;23;20;21
20;20;;;16;19;20
;19;;;15;31;15
;21;;;21;45;17
;25;;;19;26;18
;21;;;21;;20
20;22;30;30;28;25;17
;23;;;17;27;19
18;21;;;15;17;18
;20;;;20;43;17
;;;;17;21;21
;23;;;35;23;17
22;24;;;17;22;22
;18;;;18;18;18
;26;;42;27;26;26
30;30;;;18;21;22
;;17;;18;;18
;21;;58;16;31;18
;17;;;15;16;17
20;22;25;25;19;26;17
;19;;;19;20;20
25;35;26;65;18;31;18
;;25;;19;17;17
;18;;;18;18;25
;24;;;21;29;19
;18;;30;15;16;16
;18;;42;19;;17
;22;;;19;17;17
;21;;;19;19;19
;24;;;24;42;17
18;32;26;;26;15;15
;;42;;22;20;17
;;;;15;17;17
19;21;52;;19;16;21
;23;;;27;22;16
;18;;23;17;31;21
;19;;;17;18;18
;;38;;18;18;27
21;22;46;;17;25;17
;23;;;23;21;21
;21;;23;21;18;16
;19;;;20;17;17
;19;;;19;20;21
;;;;23;21;21
;20;;32;21;18;18
;;;;14;19;20
;;;;21;22;
;19;;;19;18;17
;19;;29;18;19;19
;19;;24;21;19;21
27;27;;;18;18;18
19;25;;;21;18;21
;;;;23;22;19
;23;;;51;;17
18;22;20;;16;20;21
;21;;;19;26;19
;;;;19;;17
;19;;28;43;19;20
20;23;;;21;37;18
;23;;;17;21;21
;22;;41;19;21;20
;20;;;19;20;19
;23;;;15;17;17
22;23;;;17;21;21
19;19;28;;14;34;14
;20;;;17;18;18
;21;;;21;20;20
;22;;;22;;15
18;20;;;14;17;17
;21;;;23;18;20
;24;;39;41;;18
;25;;;1;18;18
;21;;;18;20;20
;21;;26;21;25;19
;23;;;18;23;22
20;20;;;17;20;28
;22;;;16;20;20
;21;;34;21;20;19
;22;;;19;;14
;23;;;23;18;16
18;21;39;;22;18;18
;24;;;17;31;16
19;21;32;27;17;16;20
;25;;;22;18;24
;19;;;23;18;17
;;22;;17;18;18
18;24;30;31;18;19;18
27;28;;;27;18;18
;24;;;17;23;23
;22;;;22;;17
;18;;;19;16;18
;18;;;20;;13
16;18;27;27;16;35;30
18;21;22;22;26;19;19
;21;;23;22;17;14
;21;;;15;19;19
;23;;;16;17;16
;21;;;15;18;18
;21;;;23;17;20
;22;;;16;;16
;20;;;20;21;18
;25;;;18;;18
;21;;;16;18;18
;19;;;19;;19
;;;;19;20;21
;20;;;16;17;17
;;;;18;19;19
;26;;;18;;15
;24;;;17;20;19
;;58;;18;;18
;18;;38;18;36;14
;22;;;19;24;24
19;19;;;19;15;17
22;23;24;24;15;19;19
;18;;;18;18;17
19;34;23;45;23;;18
;35;;;20;31;22
;20;;;17;20;19
21;22;;;25;21;21
;26;;;0;18;20
;23;;;23;18;21
;18;;22;15;18;21
;23;;;27;20;20
;19;;24;19;;17
;24;;;19;;18
;18;;25;18;19;21
;24;;;19;;19
20;24;;;17;20;19
;24;;27;17;20;20
18;18;23;23;22;19;20
;22;;;17;23;23
;23;;;27;20;20
;20;;;16;;14
;22;;32;22;20;20
;21;;;17;20;17
;20;;;37;20;22
;25;;;25;18;15
;19;;;17;20;20
23;31;26;;31;;25
24;25;;;22;19;21
;21;;37;21;;17
21;21;32;32;24;22;17
;19;;;19;18;18
;27;;37;15;17;20
;24;;;17;21;21
;23;;42;23;23;17
;20;;27;20;18;18
;22;;;22;53;17
16;18;;;17;;19
;25;;;22;22;19
;27;;;18;18;22
;24;;;17;20;22
;22;;;20;20;22
;;53;;51;;17
20;20;45;;15;19;19
;20;;;24;;17
;16;;;16;17;17
;20;;31;20;18;18
;20;;26;59;39;18
;20;;;21;22;17
;18;;29;27;20;21
;;;;;19;19
;24;;;18;20;19
24;25;;;16;35;18
;22;;;22;;19
;28;;31;39;28;21
;22;;;19;19;19
;29;;;29;24;18
;19;;;15;18;18
;25;;;22;27;15
;;20;;18;27;21
;17;;;15;21;20
;21;;;20;21;17
;19;;;19;19;19
24;25;;;22;20;22
;;;;20;26;16
;;;;28;18;17
;23;;;23;23;23
;24;;;19;16;16
;21;;;18;21;21
;18;;29;16;29;16
;19;;;19;18;18
23;27;42;42;23;19;21
;27;;;;20;24
;32;;;32;;22
;19;;;20;20;18
;21;;;21;;17
21;28;22;;18;22;22
;22;;;18;18;22
;19;;37;20;16;17
;21;;;21;34;17
;20;;;22;18;17
;20;;;20;18;18
20;30;;;20;28;20
18;19;;;18;18;18
;;;;38;19;20
;20;;;20;17;18
;22;;;15;17;17
;;17;;30;16;24
;20;;;20;17;20
;23;;;22;22;22
;21;;;19;21;15
;22;;;20;25;25
;24;;34;20;20;20
;36;;44;36;23;21
;23;;;18;23;16
;20;;30;25;29;17
;19;;25;17;26;17
;23;;;25;19;19
;22;;;18;19;19
;;;;12;19;22
;;;;16;19;19
;21;;;21;18;19
;21;;;16;20;22
;26;;;32;29;18
;20;;;18;35;20
;22;;;28;15;19
;;29;;17;23;22
;21;;25;16;18;19
;21;;;21;18;20
;22;;;22;19;21
;;30;;41;;17
;19;;23;19;18;18
;21;;24;21;18;19
;21;;;30;23;23
;34;;;34;26;29
;18;;;18;24;23
;;;;18;18;25
;31;;;17;19;18
36;36;;;20;;21
;22;;;20;35;24
;;;;26;18;19
;21;;;21;25;18
20;21;24;24;43;;17
;19;;40;16;17;17
;23;;;14;18;18
;22;;;20;20;19
;22;;;22;20;18
19;21;;;19;19;19
;22;;;23;17;17
18;25;;;18;19;21
;21;;;21;;16
;21;;;21;44;15
;24;;;20;25;12
;23;;;26;;20
;;33;;18;18;21
39;40;;;19;21;17
;22;;;20;20;20
;20;;;15;19;19
;19;;;15;18;19
21;25;;;29;18;26
;24;;;24;;16
;23;;;27;16;17
;19;;;19;;17
;18;;23;18;18;17
;;;;49;18;17
;21;;34;21;;18
;23;;;27;18;18
;;;;19;17;19
;22;;26;26;33;20
;;;;7;17;18
;;33;;14;;14
;19;;;15;19;16
;20;;26;20;19;16
;20;;;16;;14
;20;;;15;;24
;27;;;27;23;14
;23;;29;21;21;21
;20;;;15;26;19
;21;;;18;21;21
;19;;;22;18;18
;20;;;15;20;19
;18;;;18;19;20
;;;;;24;22
;19;;;19;19;19
21;21;27;25;32;21;21
;26;;;42;24;24
;23;;;12;;19
;;;;19;18;18
15;19;21;24;32;19;22
24;24;27;27;24;16;18
;22;;27;22;23;24
;20;;;20;23;23
;21;;22;22;21;15
33;36;;;15;27;16
17;18;19;19;17;18;19
22;22;22;;16;19;19
;24;;;33;25;23
;24;;;26;28;21
23;24;;;25;21;20
;28;;33;25;23;23
15;27;22;30;23;;16
;22;;52;18;24;20
;18;;;18;35;17
24;26;;;21;17;17
;;;;22;20;
;19;;;19;19;19
;21;;;21;23;19
;;;;24;18;21
27;29;46;;16;19;22
18;19;38;;18;24;24
;18;;45;21;30;20
;21;;;15;18;21
;22;;40;28;;15
;21;;;20;;13
;20;;36;20;28;17
;18;;;19;19;19
;;20;;28;18;18
21;22;;;19;19;21
;20;;;18;18;18
;24;;;19;22;22
17;20;;;27;;18
;22;;;17;27;17
;21;;;51;26;19
19;20;;;19;18;19
;23;;;22;22;22
17;23;20;26;22;23;22
19;20;;;20;15;18
;21;;27;20;18;19
;24;;;22;27;22
;25;;;35;29;17
;27;;;26;26;19
;;28;;24;22;22
;;31;;55;28;20
;22;;;24;20;20
;19;;48;19;26;18
19;21;30;32;19;18;20
;20;;31;20;22;22
;23;;;19;29;15
;22;;;22;20;18
;21;;37;18;21;18
20;20;24;;23;19;19
18;21;22;22;41;19;16
27;28;41;41;22;19;19
;22;;;25;21;19
;20;;;20;15;16
19;22;27;27;19;19;20
;21;;39;31;22;22
23;26;31;32;17;23;23
;20;;;41;20;23
;23;;;15;17;19
20;22;30;30;22;24;17
;;26;;18;18;18
;;35;;16;19;19
25;30;;;25;21;18
;20;;24;19;20;19
;24;;26;32;24;24
;21;;39;17;20;20
;;;;32;21;22
;29;;;19;29;19
;;;;17;20;18
;21;;;20;18;18
18;19;22;22;18;25;19
;26;;;13;61;24
;23;;44;18;20;18
;;;;;18;18
;23;;;17;18;21
;20;;;20;23;20
;20;;;17;20;20
;23;;;18;49;18
;28;;;19;22;22
;;24;;22;17;18
;26;;;32;23;23
17;17;;;40;16;19
;22;;;31;20;20
;23;;;23;24;15
;20;;;24;20;20
;21;;27;21;;16
;27;;;27;23;24
;22;;50;19;19;24
;21;;;21;19;19
31;31;;;21;20;20
;21;;;17;22;22
;23;;;15;19;19
;;23;;19;18;18
;30;;49;33;19;19
;;48;;22;22;22
;27;;;19;26;18
;24;;;17;23;22
;;;;51;18;13
;19;;;15;19;19
;21;;;22;22;22
;20;;28;20;;18
;19;;;19;;28
;22;;;22;20;22
;19;;;25;20;20
;24;;;8;24;24
;19;;;19;19;19
;;36;;46;;18
;19;;;19;19;18
;;41;;33;30;18
28;29;;;21;21;18
;19;;;19;18;20
;24;;;15;18;18
;26;;;27;21;18
;23;;;19;26;26
;21;;;22;17;17
;20;;;20;19;20
;23;;;24;17;18
;20;;27;20;22;22
;24;;;25;19;20
;26;;41;19;26;21
;19;;;19;18;18
;19;;;15;18;18
;22;;;22;18;14
;28;;;17;22;22
;22;;;19;32;19
;;;;18;23;21
;21;;;21;18;20
;;;;21;19;17
18;19;22;22;17;23;17
;22;;;19;38;17
;29;;55;19;24;23
;20;;;14;;14
;21;;25;17;19;17
;21;;;17;23;23
;21;;;21;23;18
;21;;;18;26;26
;25;;;17;21;21
;18;;38;18;;26
;25;;;25;18;17
;22;;;19;27;19
;19;;;18;22;22
;27;;35;27;19;19
;20;;;20;19;19
;21;;30;18;20;20
;22;;;16;20;20
;18;;;18;19;18
;24;;;24;34;18
;23;;36;26;33;26
;21;;;17;21;21
;18;;24;30;21;21
;;;;25;18;18
;28;;;28;22;22
;21;;;21;20;32
;23;;;26;27;17
;24;;;24;18;18
;22;;;26;17;17
;24;;;24;36;22
;22;;;20;25;19
;22;;;18;18;18
;;;;23;20;17
;22;;;16;18;18
;22;;;19;33;20
;23;;;23;21;21
;21;;;18;38;20
;22;;25;15;17;17
;;31;;25;18;18
;22;;;;19;24
;27;;;31;25;17
;21;;;25;18;17
;19;;;23;18;22
;20;;24;15;19;19
;19;;22;17;20;20
;21;;;19;19;17
;19;;;18;19;19
;23;;;24;19;19
;23;;;18;;18
;21;;;13;20;20
20;20;25;25;20;20;21
;16;;;16;32;16
;20;;;17;;18
;20;;;16;19;19
;20;;;21;20;23
;22;;;22;19;23
22;23;;;24;19;19
;25;;;17;20;22
24;26;;;24;17;15
;19;;31;20;21;20
24;25;;;24;24;19
;17;;29;17;;26
;;;;13;39;20
19;20;31;;36;18;20
;25;;;22;22;23
;23;;;19;23;20
19;19;27;28;16;17;18
;22;;;22;20;22
;23;;;22;20;19
;25;;43;25;26;19
;21;;;17;22;22
;29;;;29;27;18
;24;;;19;24;23
;20;;;20;19;19
;24;;;28;25;20
;23;;36;23;23;20
;23;;;18;;18
;;;;26;19;17
;21;;;21;22;18
21;21;26;26;17;19;19
;19;;;15;15;18
;27;;;27;;10
;;;;31;20;21
;18;;;19;18;18
;;;;55;26;17
;19;;;19;24;16
;18;;;22;;14
;19;;;19;18;18
17;18;22;22;17;16;18
;21;;;17;22;25
;22;;;22;17;17
;19;;25;15;19;21
;30;;;30;21;21
;29;;;21;23;18
;20;;;21;19;20
;18;;;15;19;20
;18;;;18;;28
22;22;79;;22;;15
;20;;;22;20;20
;28;;;28;19;19
;24;;;20;20;22
;;;;19;20;21
;19;;;29;18;18
;20;;;20;;20
;20;;;23;28;24
;23;;;23;19;18
;20;;;20;20;23
22;23;27;27;22;24;22
;29;;;29;25;19
;25;;43;25;;18
;22;;;;20;18
;22;;;23;22;18
;28;;;15;;16
;26;;;16;20;28
;;;;23;22;17
;24;;;24;24;17
21;21;;;21;18;18
;27;;;23;27;17
;19;;;19;19;24
;24;;;27;24;17
;21;;29;18;20;20
;22;;;22;;19
;24;;;24;;17
;17;;;17;18;19
;21;;;17;22;28
;19;;;19;;17
;22;;;22;31;17
;22;;;17;21;21
25;26;73;;24;29;24
;24;;;29;21;23
;26;;;21;19;21
;21;;;21;24;19
29;29;;;18;;17
;28;;;22;;21
;20;;;22;;17
;21;;;24;18;18
;19;;26;18;19;19
;20;;35;16;18;18
;36;;;23;27;23
;24;;;16;17;21
;21;;;17;34;18
;21;;23;16;17;17
17;18;;;18;18;18
;31;;32;18;29;18
;21;;;22;18;17
22;22;;;16;18;18
;23;;;17;22;22
;;;;17;23;18
;25;;;26;23;18
;21;;;21;;18
25;26;;;17;20;20
;19;;38;15;19;18
;24;;63;27;25;22
;21;;;21;17;17
;23;;;25;;19
;32;;52;18;19;18
;20;;;15;18;19
;35;;38;18;;18
;25;;;20;;23
;20;;;18;;12
;21;;42;19;14;17
;22;;;24;;13
;21;;;18;16;19
32;34;;;31;26;18
;23;;;23;33;16
24;28;59;;16;23;14
;18;;22;18;16;18
;22;;;19;18;18
19;20;;;18;17;19
18;24;;;20;22;22
;28;;;28;19;21
;24;;;21;26;17
;24;;;18;27;18
21;21;;;21;;17
;;;;44;;18
;28;;49;21;19;19
;21;;;18;21;21
35;37;68;;35;28;16
;23;;;33;18;18
;21;;;18;20;20
;20;;;20;26;15
;21;;25;18;21;31
;20;;;20;;17
;24;;;19;17;16
;25;;31;18;23;23
;22;;;18;;18
;21;;;17;23;20
;;;;17;21;19
;20;;29;20;37;19
;21;;;22;;18
;22;;;22;22;17
;17;;23;17;30;17
;23;;24;35;;23
;24;;;18;24;25
;19;;;19;21;17
;21;;;25;20;17
21;21;;;22;26;20
;21;;;26;24;18
;21;;;24;20;20
;24;;;16;21;22
;;;;31;22;24
;19;;;24;20;17
;23;;;23;20;20
18;18;;;16;22;23
;20;;58;45;20;20
;18;;;18;;16
;18;;;18;30;17
;22;;35;22;19;19
;21;;;21;22;20
;19;;;24;28;18
;25;;31;25;25;17
;25;;;22;34;19
;19;;;19;20;23
;19;;;19;;16
;20;;;19;20;17
;;;;48;26;18
;24;;32;18;29;17
21;21;25;25;49;25;17
19;19;;;19;37;16
23;23;;;18;17;15
22;27;24;;17;22;22
;21;;;21;19;18
23;33;;;25;45;8
;;;;22;;6
29;39;45;;23;28;39
;23;;43;19;;17
;20;;;19;;13
;22;;;18;18;18
25;25;79;;24;;19
25;54;32;;19;;14
;23;;;23;22;20
;20;;;19;19;19
;19;;;19;;13
;23;;;17;30;17
;;;;34;18;18
;19;;;14;38;20
;;;;29;25;24
;24;;;17;24;18
;22;;;22;18;20
;28;;;28;24;18
;20;;;20;;20
;18;;;13;43;21
;31;;;19;;19
;21;;;21;;17
;;20;;18;20;23
;24;;;18;22;18
;;;;17;19;19
;22;;;22;;18
;25;;;25;;15
28;46;75;;28;;13
;;;;18;;20
;26;;;20;25;12
;;;;18;18;18
25;25;47;;25;43;18
18;23;;;13;16;26
;21;;;14;22;18
;29;;42;24;32;22
;23;;;23;23;23
;;;;16;;17
20;20;;;16;19;19
;24;;;17;18;20
;25;;;35;22;22
;;;;;17;17
;20;;;18;;18
;33;;43;23;25;24
;;;;21;16;16
22;23;35;35;23;20;18
19;19;;;22;18;20
;24;;;19;23;24
;23;;;31;24;19
;20;;21;29;27;21
;;37;;18;26;19
;25;;;17;21;21
;19;;;18;;14
;24;;;19;24;19
;18;;41;18;31;18
;22;;;17;;17
;19;;20;24;31;16
;;;;19;19;19
;22;;;25;21;17
;23;;;17;23;18
17;19;20;;13;16;16
;;24;;25;20;24
;30;;;18;23;23
;23;;;19;22;19
;;;;21;19;21
;17;;21;25;31;21
;26;;;23;23;23
;24;;;25;;18
;;;;64;21;21
;17;;;18;29;22
16;17;24;;16;44;21
15;17;29;29;17;18;23
20;20;;;22;24;17
;22;;;23;24;18
;;;;19;21;21
;;36;;24;24;24
;;;;;;19
;25;;28;25;20;19
;23;;;18;24;24
;30;;46;17;22;23
;;;;21;22;17
;27;;;20;18;18
;20;;;20;17;17
;18;;;18;;16
;23;;37;23;18;13
;22;;;21;21;21
;24;;29;37;21;16
;21;;;20;20;20
22;23;35;35;23;22;21
26;27;;;26;25;25
;20;;;16;20;22
;23;;;20;20;18
;24;;36;16;21;24
;19;;;18;18;18
;21;;;27;35;18
;17;;;15;17;17
;21;;28;18;18;19
;19;;27;17;19;19
;;;;26;20;22
21;22;;;22;24;18
18;18;22;;16;24;21
;22;;33;19;25;25
;19;;;19;26;18
;20;;;20;22;18
;21;;;21;17;21
27;38;;;27;19;19
;;;;16;21;20
;18;;56;19;23;19
;19;;34;35;19;20
22;23;36;;23;23;18
;25;;;25;24;18
;48;;;48;36;24
;26;;31;16;38;18
;;;;;22;22
;;25;;30;19;20
;23;;;17;29;17
25;33;31;;23;29;20
;24;;;17;17;18
21;34;24;51;17;17;18
;21;;;21;23;19
18;19;;;19;19;21
;;21;;21;23;23
;21;;;23;19;21
;;;;22;18;18
;18;;39;18;18;19
;19;;;19;;18
;19;;;19;17;18
;;;;18;18;20
;27;;;17;27;27
;22;;;28;29;21
;;50;;17;22;22
;;;;44;22;15
;20;;;20;20;20
;19;;21;19;28;18
;18;;21;18;20;18
;23;;;32;19;19
;20;;;32;19;19
;17;;30;16;17;17
;20;;;20;38;18
;;;;24;;18
;;;;18;20;21
;21;;;15;18;18
;22;;;22;;16
;23;;;24;19;19
;18;;;20;30;20
;28;;43;27;18;17
21;22;40;;17;18;20
;22;;24;17;22;22
;23;;;17;22;18
;20;;;20;43;22
;21;;;21;;12
;28;;46;17;20;20
;19;;;18;26;20
;19;;24;18;18;18
;26;;37;21;22;17
;26;;37;26;22;26
23;23;;;18;16;19
;20;;21;31;18;15
;23;;;;20;18
;22;;;20;;19
;24;;30;59;19;18
;16;;18;16;55;24
;22;;;22;19;19
;;37;;25;;18
;16;;;17;;18
;23;;;22;21;15
;;25;;32;19;22
20;20;61;;20;16;19
;;16;;18;;21
;24;;30;54;15;18
;18;;22;17;20;17
;19;;23;19;20;20
;16;;;19;27;15
;24;;;23;23;23
;22;;;21;18;18
;18;;23;18;16;16
22;22;;;16;18;18
;21;;23;19;18;16
23;23;;;16;18;18
;;;;;16;20
25;25;;;25;17;16
18;18;45;;23;;16
;31;;;31;21;18
;29;;;18;29;18
25;25;;;47;18;18
;17;;;17;19;19
;;;;55;23;17
;;;;49;25;25
;20;;;55;;16
;22;;26;22;22;22
;21;;25;21;21;21
;20;;39;20;23;23
;22;;;17;34;20
;28;;;28;19;15
;;;;;34;19
;18;;;28;22;18
;27;;;37;;16
;19;;;22;;21
;25;;;17;19;19
16;18;16;46;18;21;19
20;24;30;30;24;23;23
;22;;;22;26;26
22;22;57;;22;23;23
;24;;27;46;17;19
;;;;24;24;17
;31;;;31;20;20
;24;;;24;33;21
;23;;;23;18;16
;;38;;29;23;17
18;27;19;33;27;24;17
25;25;;;25;19;19
25;28;;;19;16;18
;19;;;24;22;17
;28;;;38;32;18
;;40;;30;18;18
;23;;;18;23;23
20;22;;;26;;19
21;19;;;20;22;22
;;;;;30;17
;33;;;20;21;16
;26;;;26;24;24
29;29;;;36;18;18
;27;;;27;31;22
;18;;;36;;15
;26;;;19;35;23
;22;;31;22;18;18
;32;;39;23;33;18
21;22;34;34;24;26;26
;;34;;31;;16
;17;;26;18;29;16
;;;;33;19;18
;19;;;43;24;24
;30;;;30;22;22
;21;;44;22;36;20
;22;;;23;46;18
;26;;;26;24;24
;18;;28;21;19;20
;19;;;19;20;18
;18;;;18;;16
;20;;;15;25;18
;21;;;17;22;22
;23;;;21;25;25
;18;;;14;19;19
26;28;;;26;22;22
;20;;27;23;;19
30;30;;;18;22;22
;25;;29;16;29;19
;22;;;15;31;17
;19;;;18;22;17
;21;;23;28;18;18
;24;;29;19;36;18
;;;;;23;21
;25;;;31;26;18
;;23;;18;18;21
;19;;;19;;16
;26;;31;27;17;16
;20;;;17;18;18
;22;;;16;16;20
;;22;;37;23;18
;22;;;22;11;23
;;;;18;20;21
;23;;28;18;18;18
;18;;;18;19;19
;23;;;20;28;16
;;;;29;29;30
;38;;;15;26;28
;;;;18;26;18
;;;;17;23;19
;22;;;24;17;15
;21;;;21;20;17
;;;;;19;19
;23;;;17;21;22
;20;;46;19;34;18
;18;;;17;40;17
18;22;;;18;;36
;21;;39;21;43;15
;23;;;24;;17
24;25;27;27;20;25;21
;;;;18;24;17
;22;;31;17;22;22
25;25;36;36;53;24;17
;21;;;17;26;22
22;22;23;23;31;23;23
;22;;24;22;22;23
36;36;;;17;21;17
;22;;;19;27;19
;21;;;17;;16
;25;;36;20;18;15
;23;;;17;16;23
;23;;;24;19;19
;23;;;26;26;19
23;26;24;;18;17;21
;;19;;19;18;19
23;23;;;23;20;19
;;;;22;42;17
;32;;40;18;21;16
25;48;;;18;18;20
;24;;25;20;20;15
;;;;17;19;18
22;22;;;22;29;18
;22;;;22;20;18
;28;;;19;19;11
;;;;23;21;21
;35;;42;22;20;20
;20;;;20;20;20
18;21;;;21;16;19
;23;;26;22;29;18
;23;;33;24;15;15
23;25;;;18;20;18
28;30;;;17;18;19
;22;;;24;23;18
;32;;40;15;25;25
20;21;54;;18;17;16
;;;;33;33;17
;19;;24;19;28;19
;;;;18;23;23
26;27;34;;18;19;15
;22;;;23;25;19
;20;;22;16;36;23
;19;;;16;19;20
;;28;;26;22;24
;21;;32;16;17;17
;21;;33;33;21;18
;21;;25;17;31;17
28;29;;;17;18;18
;23;;28;18;19;18
;21;;;21;18;18
;21;;;19;19;19
24;24;40;49;17;22;21
52;53;59;;25;18;18
;;;;16;18;18
;;;;17;22;18
;;;;18;24;31
;23;;;15;23;18
;;29;;24;16;16
;21;;;19;21;17
;20;;43;20;19;19
19;21;22;22;18;25;17
;23;;;18;20;16
22;22;25;25;23;35;17
;19;;;19;19;19
;27;;;24;25;22
21;24;26;28;17;26;15
;26;;;18;23;18
;;;;17;17;17
32;33;;;22;18;18
;;;;16;19;19
;;;;26;37;17
25;25;31;34;20;;20
36;38;;;18;20;29
;;;;17;19;
23;24;;;19;20;19
23;23;;;21;28;20
23;23;;;25;;17
18;19;;;18;;18
;22;;;22;16;15
;23;;;18;21;21
;;;;21;20;22
;;18;;18;26;26
24;25;;;17;19;19
;27;;;24;31;17
;23;;;25;17;18
;18;;20;16;;16
;26;;29;35;17;13
27;32;31;;19;20;23
23;23;32;43;20;20;19
;;;;23;22;21
26;26;;;26;23;23
;24;;35;32;38;22
27;30;28;35;54;24;15
;;24;;49;31;20
;;;;51;46;17
;;35;;32;17;18
29;30;38;38;18;25;19
23;24;29;29;20;20;20
;;;;17;22;17
;;24;;17;18;18
;;22;;18;18;18
;20;;21;17;28;17
22;23;26;29;62;22;61
21;22;31;32;14;37;20
21;22;28;30;60;23;19
;;23;;12;23;19
;24;;;17;22;22
;43;;52;21;19;18
;19;;;19;19;20
20;23;21;;18;19;19
;28;;31;28;18;18
22;28;22;;18;19;18
;27;;34;62;19;18
;25;;;25;23;23
;22;;;17;18;18
25;26;28;28;22;21;19
;19;;;20;18;16
;18;;;;;17
;21;;;21;35;19
22;23;42;42;23;17;16
;22;;;48;26;18
;;;;;19;18
26;32;;;25;24;25
;23;;29;23;19;21
;30;;;18;;18
;41;;;20;24;23
;20;;;20;34;16
27;28;39;39;28;17;13
;;;;;19;20
;;;;19;19;20
31;31;37;37;27;20;21
;;;;34;27;21
;23;;;35;19;20
;23;;;19;;20
;27;;41;27;23;18
25;25;35;35;34;18;18
;;32;;22;23;23
22;22;33;33;22;42;18
29;33;36;36;33;36;23
;25;;;25;41;32
;20;;;20;28;16
;27;;30;23;30;18
;32;;;29;32;19
39;40;;;39;23;23
;23;;;18;26;23
;;;;;18;18
20;20;22;24;;24;17
;24;;43;17;18;18
26;26;30;30;15;19;19
23;23;;;33;21;19
;;;;;18;18
;;;;15;24;22
20;22;33;33;19;23;23
39;34;;;19;27;28
;24;;35;23;24;15
27;27;;;15;25;16
21;22;;;51;22;22
;22;;28;18;30;22
;22;;;26;19;18
;26;;;26;25;18
26;27;;;27;34;16
;;21;;23;19;17
;;;;21;19;19
34;38;36;;19;25;19
;;;;18;23;17
;19;;20;;23;23
18;18;20;20;20;18;18
;23;;;15;29;15
;30;;;42;18;20
;27;;;41;24;24
;;41;;23;28;14
;19;;21;19;23;17
24;24;43;43;19;19;19
42;43;;;16;24;23
;22;;24;30;20;21
19;20;28;28;20;16;16
;;20;;19;19;23
19;21;20;28;17;24;25
;23;;34;16;;18
;23;;;19;;19
;29;;;29;26;7
;18;;24;36;;16
;;;;19;19;19
14;25;21;;22;22;18
19;19;;;19;19;19
22;23;;;17;23;23
;;;;30;19;22
;19;;;;19;19
;22;;44;17;22;22
;26;;;25;25;25
;27;;;27;19;19
27;27;33;36;18;39;18
;;;;;19;19
24;26;;;24;20;21
;20;;21;21;18;19
19;19;25;25;16;20;27
;16;;21;24;23;19
;;22;;21;27;31
;21;;31;14;;15
;30;;;18;24;24
;20;;23;19;22;25
36;46;;;32;22;17
24;39;24;;19;21;18
32;35;;;29;33;18
;;;;32;18;19
22;25;30;31;22;25;23
18;20;22;24;17;18;17
22;22;27;32;17;19;19
;20;;30;17;18;18
17;21;29;29;16;18;19
18;18;32;32;18;;16
;23;;;17;22;20
;23;;;25;27;16
;20;;;18;22;22
;26;;28;44;18;21
;;;;25;23;23
;29;;;29;22;17
;22;;;19;19;22
;19;;44;20;19;19
;22;;;19;32;17
;20;;;20;22;22
;23;;;15;17;17
;20;;;21;17;17
28;29;;;18;17;19
;21;;;21;21;17
;29;;;7;19;17
;23;;;15;18;18
;25;;;15;17;20
;22;;26;22;18;20
;22;;;22;20;19
30;35;;;26;19;19
;22;;45;22;21;25
;25;;48;25;18;18
;24;;;24;16;21
;25;;30;38;22;22
;20;;27;19;20;19
;;;;18;21;21
;;;;21;17;19
;20;;;18;20;20
;23;;;23;19;19
;23;;;16;18;18
;;;;25;17;20
;26;;;26;31;16
;28;;;28;17;20
;29;;;18;27;17
;19;;26;19;20;21
;;;;;19;20
;20;;40;20;22;45
;;;;35;19;26
;28;;30;27;27;19
;27;;;27;22;22
;31;;41;31;22;17
;25;;;10;24;18
;;21;;21;17;18
;22;;35;19;25;19
;20;;20;20;33;17
;22;;;17;28;17
;23;;;19;18;18
;22;;;16;25;17
;22;;36;22;17;17
;20;;22;16;31;20
;20;;;20;19;19
22;24;;;19;23;23
;21;;32;20;20;19
;;22;;21;18;21
;20;;31;30;18;20
21;23;22;;21;19;21
;25;;;27;27;27
;19;;27;19;17;17
;22;;;22;18;20
;;26;;19;19;21
;20;;;20;;17
;26;;31;26;18;18
;22;;;18;23;20
;20;;27;20;19;19
;30;;;30;;16
;22;;;22;;18
22;22;39;39;15;21;21
;29;;35;17;26;26
;25;;;25;19;24
;21;;;21;28;18
;22;;24;17;21;21
;24;;;16;;20
;20;;;20;23;24
;21;;;23;19;21
;23;;;24;;17
;22;;;22;;14
;18;;23;20;16;16
;18;;;15;18;17
;21;;;23;21;21
;25;;;25;35;21
;24;;;19;22;20
28;29;;;18;19;20
18;18;;;18;19;18
;25;;;25;19;19
;18;;;18;19;19
;27;;;19;32;21
;19;;;19;16;17
30;30;;;30;25;24
;21;;;21;19;21
;36;;;17;22;22
;26;;;27;19;19
21;29;;;21;25;21
;22;;36;22;20;18
;24;;26;18;23;16
;;;;18;18;21
;19;;;17;22;22
;26;;;18;19;19
;;;;30;18;18
;24;;;18;19;18
;;;;26;21;16
;26;;;17;17;17
;;;;;19;
;;;;19;26;25
;25;;;25;18;18
;17;;33;17;17;17
23;33;;;23;17;20
;18;;;18;20;18
;22;;;23;18;19
;24;;41;24;34;17
;19;;33;19;19;21
;25;;;23;23;22
;23;;30;23;18;18
;24;;39;15;21;21
;;;;24;18;23
;21;;;17;22;24
;24;;25;24;20;22
;21;;;21;26;21
;19;;24;19;23;23
;22;;;31;29;17
;38;;;32;19;22
;24;;;24;18;18
22;23;;;22;20;20
;22;;;22;22;22
;;;;16;23;22
;22;;;22;18;18
;18;;;18;17;20
;;;;;18;29
;26;;31;26;23;26
;22;;;18;22;22
24;24;;;17;27;21
;21;;;18;17;16
;26;;;;34;17
;22;;;22;18;19
;26;;54;26;20;15
;21;;;21;18;20
;;;;20;21;21
;;;;22;18;15
;19;;;31;25;23
31;32;51;;18;32;17
;21;;;17;18;23
;20;;23;20;19;20
;;;;;24;24
;21;;27;21;19;19
22;23;31;39;23;19;19
;;;;36;23;23
;18;;22;18;24;24
;23;;27;23;19;17
;23;;;25;17;19
;19;;25;19;17;17
;19;;;21;29;26
;32;;;32;17;11
;21;;34;21;26;18
;;;;21;18;18
22;23;;;28;19;19
21;22;;;32;21;21
20;21;21;23;20;11;24
;24;;35;22;29;19
;22;;;22;18;20
;25;;41;25;21;21
20;24;;;20;30;22
;44;;;20;44;19
;23;;;23;20;21
23;24;28;28;18;18;15
;21;;24;21;17;16
;22;;31;25;19;21
19;19;;;20;18;18
;25;;;16;17;19
;20;;;17;19;19
20;20;;;20;22;19
;48;;;18;22;23
;20;;;17;22;30
;26;;;16;21;25
22;23;;;22;19;18
;27;;;24;20;17
;22;;;22;20;18
;22;;;22;20;20
;22;;;28;20;19
23;23;;;23;19;22
16;16;23;23;16;20;20
;21;;;21;18;18
;;;;20;;20
;;;;;21;19
;23;;;20;21;21
24;24;29;29;23;23;23
20;20;39;;22;19;19
;22;;30;23;20;20
;21;;;23;;17
;21;;;21;22;22
25;27;;;22;19;19
;21;;;20;18;18
;18;;;16;23;23
16;16;;;15;21;21
;22;;;18;17;17
;19;;35;20;19;19
;22;;;27;18;18
;21;;;29;16;17
;23;;47;17;23;17
;22;;;20;21;23
;35;;;19;18;18
;;;;16;18;18
;22;;;22;24;22
;24;;;24;20;19
;27;;;27;;20
;33;;36;17;19;21
;24;;;21;22;20
;23;;;18;20;20
;23;;;19;18;18
;;;;19;18;17
;26;;;26;26;25
;;;;19;25;26
;24;;;41;27;17
;23;;;19;18;22
;21;;;29;27;17
;25;;;26;19;19
;24;;;20;20;20
;21;;;15;16;16
;22;;;20;18;20
;20;;;17;21;23
;26;;;26;21;19
23;23;;;27;22;22
;20;;;22;21;24
;33;;;23;40;17
;22;;;18;17;18
17;18;18;20;15;17;19
17;19;23;24;16;17;17
24;25;;;26;18;11
;20;;;23;19;17
32;63;71;;21;;21
;22;;;19;;19
;22;;;22;;21
;23;;;23;39;16
18;19;;;17;20;20
31;44;34;;17;19;19
21;23;;;18;;20
21;21;34;34;21;;17
;;29;;15;18;17
18;26;19;;19;28;18
;21;;25;21;19;19
;;;;18;18;20
;18;;;17;17;17
;21;;;18;19;18
;23;;;18;22;22
;26;;;21;20;20
;18;;37;21;;17
;22;;;23;18;19
;;;;23;19;19
;30;;;23;20;20
;31;;37;15;29;11
;21;;;16;;16
;22;;;18;28;21
;;20;;20;20;28
;20;;;19;25;44
;32;;;20;32;22
;23;;31;23;21;21
;;;;;25;19
;20;;31;17;23;23
;23;;;17;18;18
20;20;;;22;17;7
20;21;;;19;20;15
18;19;73;;18;;17
;31;;32;31;20;31
19;19;;;19;19;19
;;;;;23;23
;21;;25;24;22;23
;;25;;21;18;21
21;21;;;22;23;33
;;21;;17;24;25
26;28;;;26;26;19
;24;;27;16;17;18
;18;;;17;17;17
;28;;33;18;19;19
;19;;;17;19;19
19;29;26;;22;22;22
21;21;27;27;27;32;20
;25;;;19;31;20
;;;;23;;17
32;33;35;35;18;20;20
;;;;27;23;23
28;29;;;16;18;18
24;27;55;;33;30;16
;;38;;36;18;18
;19;;43;16;19;19
;21;;;21;19;17
39;43;;;20;28;23
22;23;60;;20;;16
;;;;22;19;21
36;36;;;26;17;17
;21;;;17;20;29
;20;;;20;38;17
;28;;39;19;30;24
;29;;;19;;18
;;36;;31;18;18
20;21;21;26;;23;26
23;27;;;17;20;20
18;21;;;23;18;26
24;28;35;36;28;17;18
17;26;20;;26;18;18
;19;;22;19;18;18
;22;;;22;18;18
;25;;;18;26;17
;20;;29;17;24;26
;26;;;17;27;17
;20;;34;16;20;19
;;;;18;23;23
;;;;20;19;18
;20;;25;15;27;20
;;24;;9;18;18
;26;;;23;23;23
;25;;;28;23;23
;21;;28;15;17;17
;23;;;17;34;23
;25;;33;18;23;23
;21;;;21;24;18
;22;;;22;20;20
;21;;25;18;19;17
20;21;;;21;34;18
;22;;;17;18;18
;21;;;21;20;16
18;21;32;32;19;18;18
21;21;29;29;21;28;16
;19;;23;19;26;27
;21;;;20;18;18
23;24;;;18;31;18
21;21;;;15;17;17
;22;;31;18;23;23
24;25;;;18;20;15
17;17;45;46;16;34;14
23;36;34;;17;17;17
;22;;;21;42;21
;;;;20;25;26
22;22;;;18;20;20
;17;;;17;26;29
;22;;;22;18;18
22;23;;;24;35;17
31;32;;;18;25;17
;;;;26;24;20
;23;;;15;27;18
26;27;49;50;20;20;20
;;;;15;19;19
25;25;;;17;20;20
;26;;;21;32;16
;;22;;17;22;19
19;21;47;;17;17;18
21;22;43;43;18;41;20
;22;;;22;34;18
;;;;;;21
27;27;;;18;23;21
22;22;;;21;17;17
;;;;29;21;17
;18;;;18;18;18
17;19;26;27;19;20;30
;;;;20;15;15
20;20;23;23;28;17;17
32;39;;;23;35;18
21;21;;;17;19;17
26;28;;;32;26;28
20;22;;;17;24;24
;23;;31;31;17;17
;19;;;18;27;15
26;30;50;;22;42;19
19;25;42;;14;17;16
;20;;;20;19;20
;;;;39;20;20
;;;;45;;18
;;24;;25;21;20
;24;;;24;;18
;20;;;20;20;20
;19;;;19;17;16
;34;;;18;27;18
;25;;;25;;15
;22;;;19;22;24
;22;;;22;19;20
;21;;;21;26;17
;24;;44;25;24;16
;28;;;15;20;20
;24;;;24;;16
;25;;;27;;18
;21;;23;33;17;15
24;25;;;19;18;18
;28;;33;31;23;23
;19;;31;18;22;22
;21;;;21;17;17
;21;;31;25;16;19
;;;;;21;21
;28;;35;10;24;23
24;39;;;20;20;16
;24;;;20;23;18
;30;;;22;30;21
;;32;;22;25;22
;21;;;18;20;19
;22;;24;50;19;19
;23;;;20;;17
;18;;;18;17;18
21;22;;;18;18;18
;26;;;23;25;19
;26;;52;28;20;18
;;;;18;24;24
;21;;;22;18;18
;;;;23;22;22
;22;;;17;28;17
;21;;;19;;19
;34;;;34;21;19
;30;;;30;20;14
;21;;;21;26;17
;22;;;22;18;15
;19;;24;18;18;18
;28;;;17;27;17
;21;;;21;18;18
;;;;17;23;20
;32;;;24;43;17
;20;;25;30;24;26
;21;;;21;16;17
;20;;;16;20;20
;;;;23;22;23
;24;;;18;20;16
;23;;;23;22;17
;19;;;20;16;18
;20;;;20;19;19
;19;;;19;;18
;23;;;26;;16
;25;;;21;20;18
;21;;;37;28;16
;36;;;28;18;16
;23;;;27;19;19
;20;;;17;22;18
;19;;;16;17;18
;;;;67;20;20
;22;;;;26;18
;23;;;15;23;17
;23;;;;21;21
45;46;;;19;19;18
;29;;;22;25;25
;26;;;38;29;17
24;31;;;23;19;22
;21;;26;18;19;19
;20;;23;18;26;19
;22;;;21;16;19
23;23;25;;21;16;16
;19;;;19;22;22
;26;;;15;25;25
;17;;;17;19;24
27;27;59;;27;34;20
;22;;;22;22;19
;23;;;32;23;17
;21;;30;21;17;22
;23;;;42;18;20
;23;;;23;21;22
;23;;48;32;;16
;32;;36;21;31;19
;23;;;22;29;17
;19;;25;30;18;18
;20;;24;20;32;17
23;28;;;23;16;17
;;;;18;41;17
;25;;;18;30;20
;31;;;16;31;18
;;;;35;19;18
22;22;25;26;19;19;22
25;25;44;44;25;16;22
;24;;;27;21;23
;;;;17;19;19
;22;;;18;24;21
;;;;;24;18
;25;;35;21;17;18
;18;;;23;18;20
;20;;;18;36;17
28;29;34;;;24;18
;26;;;17;20;18
;34;;;25;32;18
30;21;32;;22;19;19
;;;;;19;15
;;;;19;23;21
;27;;51;27;27;18
;20;;;20;20;18
;20;;33;15;22;25
;;;;22;22;27
;;28;;20;19;18
;25;;26;19;25;18
;18;;20;23;18;17
;16;;;16;17;15
;25;;;48;26;18
;21;;;18;18;18
;23;;;55;19;21
16;17;23;23;17;19;19
;22;;;22;20;19
;;;;;19;25
20;21;;;20;16;19
;18;;;18;26;27
22;24;50;;17;29;28
20;21;23;23;20;;17
;;;;20;32;16
;;;;22;17;18
;;;;15;20;20
;25;;37;21;19;19
;24;;32;25;25;19
;21;;31;17;22;19
;19;;;19;45;24
;28;;;28;;18
;21;;28;23;38;17
;20;;;20;;33
24;25;;;17;21;21
24;25;;;30;20;16
;20;;;25;23;17
;29;;;28;31;15
;35;;43;20;20;20
;24;;66;24;;18
24;25;;;18;20;23
19;20;22;27;15;18;18
18;20;19;26;15;19;19
;34;;;17;;17
23;23;26;28;18;27;28
24;24;44;44;22;22;22
;19;;;19;;18
;19;;27;26;18;18
20;20;56;;37;26;18
24;25;60;;18;26;18
;;25;;25;21;16
;;;;;14;24
21;22;;;22;21;18
;27;;;20;24;21
;25;;27;21;17;17
;24;;;22;28;18
17;22;40;40;20;24;24
24;27;31;31;20;26;17
;23;;44;24;19;21
;21;;;21;26;20
20;20;25;25;15;15;17
;21;;28;21;22;22
22;25;;;22;21;19
;25;;;21;27;27
;20;;;20;35;16
;;58;;25;25;25
;20;;;20;26;26
;;;;27;21;17
;25;;;20;;17
23;38;28;;28;21;18
;21;;28;30;9;19
;;;;;;
;;42;;16;;17
;19;;;22;;22
;18;;19;20;23;22
24;24;55;;24;39;18
;22;;;18;37;17
;;;;23;40;17
;24;;28;17;42;17
;24;;25;28;26;19
;20;;;20;42;18
29;29;37;;19;47;17
;20;;;20;22;22
;19;;;19;21;22
;;;;23;23;17
17;18;44;;17;17;19
;21;;;24;18;20
;18;;;20;;17
;21;;;24;20;20
;25;;;20;20;24
;;;;24;22;22
21;22;;;16;18;17
;20;;36;21;23;18
29;30;;;30;18;17
;21;;;17;24;24
26;27;50;;22;20;19
21;22;34;34;21;24;25
;23;;26;30;16;16
;24;;34;25;25;18
;;;;27;23;23
;;22;;21;20;20
;19;;;17;22;22
;;;;28;17;17
18;18;;;18;18;16
;22;;;22;21;21
;;23;;22;18;22
;19;;;27;19;19
22;25;;;23;18;20
19;19;37;37;15;18;18
;20;;24;17;21;21
;;42;;25;;17
21;21;;;21;18;18
;26;;;17;23;23
;;;;23;20;24
;18;;;21;18;18
23;26;;;23;;18
18;18;28;28;20;19;21
;;;;29;19;22
;23;;28;17;23;23
;;;;18;20;18
;;;;38;23;23
;19;;24;19;31;19
;24;;;17;31;18
;21;;;22;26;20
19;23;;;15;27;15
;25;;;15;34;18
;23;;;22;22;22
;33;;;15;18;18
17;19;36;36;20;28;17
;23;;;5;18;18
;20;;;23;20;20
21;22;;;15;18;18
;;29;;33;;16
32;35;;;35;19;18
;;;;25;17;20
;22;;;29;22;20
;22;;29;31;21;15
;;;;19;24;17
;;;;21;29;17
27;28;37;40;28;17;17
18;19;20;20;27;18;23
;;30;;29;21;19
;23;;;23;29;20
23;24;;;22;22;22
21;21;;;20;25;19
19;24;20;28;25;17;18
;;26;;18;21;21
;;36;;19;27;18
;;24;;19;24;19
21;22;35;35;17;21;21
;20;;44;20;22;22
;27;;34;17;23;24
;22;;;15;18;18
;19;;;16;31;16
;20;;31;17;22;22
;26;;;19;50;21
;26;;;26;40;18
23;25;31;35;46;25;19
;;;;18;18;19
30;32;;;24;20;22
22;23;;;24;19;22
;21;;;17;22;22
18;21;19;;19;17;20
;;35;;35;18;15
;26;;;55;20;18
18;23;20;27;18;20;19
;;;;46;22;22
;20;;;;18;17
;24;;;21;29;17
23;23;;;19;18;18
;27;;29;18;18;18
20;21;;;20;28;20
22;32;23;;31;27;21
24;29;;;17;20;20
23;23;;;21;21;16
;;28;;17;23;17
;;23;;32;19;19
24;37;;;30;21;21
26;27;44;;14;23;23
22;22;46;;16;23;15
17;18;;;17;34;15
;25;;;18;34;20
;18;;26;14;17;25
26;27;29;29;18;30;17
22;22;;;17;21;21
16;16;;;17;24;18
;27;;37;18;23;23
22;23;24;;17;22;20
;25;;55;36;27;18
;;;;17;36;18
;20;;22;19;19;18
33;35;;;20;25;21
;25;;39;25;25;23
;;42;;28;34;19
;21;;;17;23;21
32;34;;;20;24;17
23;24;31;31;23;24;24
;23;;;17;22;22
;20;;;20;19;14
;24;;25;51;19;18
;37;;;31;;18
;34;;38;25;25;18
20;21;40;37;12;21;21
;17;;21;17;21;19
;;46;;15;31;16
;21;;;14;18;18
21;21;48;;24;19;18
;21;;;26;22;16
25;26;36;36;36;30;18
23;23;;;23;25;31
19;20;22;22;7;32;17
;24;;;24;18;17
;19;;;40;;17
;21;;24;44;21;17
24;25;26;26;24;19;18
;20;;;20;23;17
;;;;34;20;21
28;29;30;45;23;;17
20;21;28;28;17;22;21
;;;;19;22;22
;28;;35;28;28;18
;;31;;30;24;17
;24;;;29;24;26
;;;;;26;22
;24;;;46;26;20
;19;;31;19;40;18
;;;;18;40;22
;;;;20;17;20
;25;;26;24;25;25
;18;;26;18;21;14
;25;;;25;;19
;28;;;19;28;28
;21;;;21;31;29
22;24;;;22;24;19
;23;;;17;35;22
;23;;;28;20;25
;25;;;18;;17
;24;;;24;28;19
18;18;26;26;45;19;17
32;30;;;32;19;25
;23;;;23;22;17
;19;;;15;22;24
;19;;20;47;18;19
;25;;;19;27;17
24;29;;;17;27;20
;21;;;34;24;22
;21;;;17;18;18
;23;;;24;24;30
26;27;;;21;25;18
;22;;27;22;;19
20;28;31;;16;19;16
;;;;;17;21
;;19;;26;;16
;27;;;43;19;18
;27;;32;27;24;22
29;29;62;;29;;16
;21;;;21;35;22
;24;;;10;32;17
;19;;22;18;18;18
;24;;;20;20;20
;21;;;21;30;19
18;19;52;;19;20;15
;;27;;26;22;22
;20;;;20;23;23
;23;;;17;22;22
;25;;;21;22;22
;20;;24;19;45;17
;19;;43;19;42;19
;20;;;20;21;18
;25;;28;21;28;21
;;;;24;;17
21;22;76;;21;25;17
21;21;;;21;20;20
;;29;;;21;19
;30;;31;30;21;18
;24;;25;42;19;16
;23;;;20;35;16
;20;;22;17;;18
;22;;27;18;19;19
;24;;;24;17;17
;24;;;18;26;17
24;25;49;;48;17;16
;;;;42;22;22
28;28;36;36;30;26;8
;;25;;17;20;20
;;38;;14;15;18
;25;;;25;23;23
19;24;;;19;23;23
;;;;14;15;19
;23;;;23;22;21
;21;;;17;18;17
;22;;;17;18;17
;;25;;21;25;17
;28;;;28;;18
25;26;26;29;66;24;8
;23;;;22;;15
23;26;50;50;28;26;19
;20;;;20;27;18
;21;;;21;23;23
;28;;;16;22;22
;20;;;19;23;20
;24;;;17;17;17
25;25;;;22;21;20
19;21;26;;19;21;
;19;;20;18;19;21
;30;;47;16;19;21
;18;;24;18;16;18
22;36;26;;18;26;17
;;;;;19;20
26;27;38;39;26;24;19
21;24;21;;21;18;21
;21;;;23;18;18
;23;;23;53;18;26
;21;;31;18;19;18
;22;;26;;20;20
;29;;;29;27;27
;24;;;24;20;17
20;22;34;34;20;22;17
;;;;22;21;22
18;19;25;26;19;17;17
;;27;;18;22;19
;28;;30;29;19;21
19;19;;;24;20;20
21;20;22;22;25;17;20
;16;;29;16;17;20
;27;;;27;35;23
;19;;;17;22;18
24;25;55;;16;28;18
;;;;33;26;20
23;24;60;;19;21;21
27;28;40;40;15;23;20
;;;;15;;16
;20;;;17;;18
;34;;49;34;17;17
;19;;31;15;;15
;24;;36;24;17;18
;24;;;23;17;15
;;;;;16;18
;25;;34;18;21;18
;22;;23;17;25;18
;17;;29;17;20;19
18;24;22;;17;18;17
;22;;42;60;25;25
;;;;;13;20
24;24;;;24;31;18
;21;;;;25;23
22;23;;;23;20;20
;;27;;35;24;17
;;;;;22;20
;25;;37;42;32;24
18;23;31;;18;23;23
;17;;;22;;16
;20;;37;17;18;18
;;;;19;25;19
22;24;;;;19;21
;23;;;30;23;23
;24;;;19;19;19
;;;;;18;18
;;;;17;;17
;20;;;23;21;22
;15;;35;22;;17
;22;;;22;22;22
25;26;;;18;27;19
;17;;19;26;22;32
;24;;;19;21;21
27;28;;;15;20;20
;27;;;30;18;18
;21;;;21;20;18
;;;;18;18;18
;22;;;16;18;22
18;29;23;;18;18;20
;24;;38;44;;16
;27;;;18;23;22
;26;;;26;23;18
24;29;29;37;30;18;18
;31;;;14;30;21
20;22;;;20;18;20
;22;;31;20;21;17
18;22;29;31;31;16;17
;;;;;26;20
;19;;;22;19;16
;22;;;8;22;19
;;;;;23;23
